This file contains any messages produced by compilers while
running configure, to aid debugging if configure makes a mistake.

It was created by Spines configure 5.3, which was
generated by GNU Autoconf 2.69.  Invocation command line was

  $ ./configure 

## --------- ##
## Platform. ##
## --------- ##

hostname = 51df8a170eb5
uname -m = x86_64
uname -r = 6.6.87.2-microsoft-standard-WSL2
uname -s = Linux
uname -v = #1 SMP PREEMPT_DYNAMIC Thu Jun  5 18:30:46 UTC 2025

/usr/bin/uname -p = x86_64
/bin/uname -X     = unknown

/bin/arch              = x86_64
/usr/bin/arch -k       = unknown
/usr/convex/getsysinfo = unknown
/usr/bin/hostinfo      = unknown
/bin/machine           = unknown
/usr/bin/oslevel       = unknown
/bin/universe          = unknown

PATH: /root/.vscode-server/bin/88e44fa0e00b08f7758b4f6d05632e4fd5e4df6f/bin/remote-cli
PATH: /usr/local/sbin
PATH: /usr/local/bin
PATH: /usr/sbin
PATH: /usr/bin
PATH: /sbin
PATH: /bin
PATH: /root/.vscode-server/extensions/ms-python.debugpy-2026.6.0-linux-x64/bundled/scripts/noConfigScripts


## ----------- ##
## Core tests. ##
## ----------- ##

configure:2370: checking build system type
configure:2384: result: x86_64-pc-linux-gnu
configure:2404: checking host system type
configure:2417: result: x86_64-pc-linux-gnu
configure:2493: checking for gcc
configure:2509: found /usr/bin/gcc
configure:2520: result: gcc
configure:2749: checking for C compiler version
configure:2758: gcc --version >&5
gcc (Ubuntu 11.4.0-1ubuntu1~22.04.3) 11.4.0
Copyright (C) 2021 Free Software Foundation, Inc.
This is free software; see the source for copying conditions.  There is NO
warranty; not even for MERCHANTABILITY or FITNESS FOR A PARTICULAR PURPOSE.

configure:2769: $? = 0
configure:2758: gcc -v >&5
Using built-in specs.
COLLECT_GCC=gcc
COLLECT_LTO_WRAPPER=/usr/lib/gcc/x86_64-linux-gnu/11/lto-wrapper
OFFLOAD_TARGET_NAMES=nvptx-none:amdgcn-amdhsa
OFFLOAD_TARGET_DEFAULT=1
Target: x86_64-linux-gnu
Configured with: ../src/configure -v --with-pkgversion='Ubuntu 11.4.0-1ubuntu1~22.04.3' --with-bugurl=file:///usr/share/doc/gcc-11/README.Bugs --enable-languages=c,ada,c++,go,brig,d,fortran,objc,obj-c++,m2 --prefix=/usr --with-gcc-major-version-only --program-suffix=-11 --program-prefix=x86_64-linux-gnu- --enable-shared --enable-linker-build-id --libexecdir=/usr/lib --without-included-gettext --enable-threads=posix --libdir=/usr/lib --enable-nls --enable-bootstrap --enable-clocale=gnu --enable-libstdcxx-debug --enable-libstdcxx-time=yes --with-default-libstdcxx-abi=new --enable-gnu-unique-object --disable-vtable-verify --enable-plugin --enable-default-pie --with-system-zlib --enable-libphobos-checking=release --with-target-system-zlib=auto --enable-objc-gc=auto --enable-multiarch --disable-werror --enable-cet --with-arch-32=i686 --with-abi=m64 --with-multilib-list=m32,m64,mx32 --enable-multilib --with-tune=generic --enable-offload-targets=nvptx-none=/build/gcc-11-0odw26/gcc-11-11.4.0/debian/tmp-nvptx/usr,amdgcn-amdhsa=/build/gcc-11-0odw26/gcc-11-11.4.0/debian/tmp-gcn/usr --without-cuda-driver --enable-checking=release --build=x86_64-linux-gnu --host=x86_64-linux-gnu --target=x86_64-linux-gnu --with-build-config=bootstrap-lto-lean --enable-link-serialization=2
Thread model: posix
Supported LTO compression algorithms: zlib zstd
gcc version 11.4.0 (Ubuntu 11.4.0-1ubuntu1~22.04.3) 
... rest of stderr output deleted ...
configure:2769: $? = 0
configure:2758: gcc -V >&5
gcc: error: unrecognized command-line option '-V'
gcc: fatal error: no input files
compilation terminated.
configure:2769: $? = 1
configure:2758: gcc -qversion >&5
gcc: error: unrecognized command-line option '-qversion'; did you mean '--version'?
gcc: fatal error: no input files
compilation terminated.
configure:2769: $? = 1
configure:2789: checking whether the C compiler works
configure:2811: gcc    conftest.c  >&5
configure:2815: $? = 0
configure:2863: result: yes
configure:2866: checking for C compiler default output file name
configure:2868: result: a.out
configure:2874: checking for suffix of executables
configure:2881: gcc -o conftest    conftest.c  >&5
configure:2885: $? = 0
configure:2907: result: 
configure:2929: checking whether we are cross compiling
configure:2937: gcc -o conftest    conftest.c  >&5
configure:2941: $? = 0
configure:2948: ./conftest
configure:2952: $? = 0
configure:2967: result: no
configure:2972: checking for suffix of object files
configure:2994: gcc -c   conftest.c >&5
configure:2998: $? = 0
configure:3019: result: o
configure:3023: checking whether we are using the GNU C compiler
configure:3042: gcc -c   conftest.c >&5
configure:3042: $? = 0
configure:3051: result: yes
configure:3060: checking whether gcc accepts -g
configure:3080: gcc -c -g  conftest.c >&5
configure:3080: $? = 0
configure:3121: result: yes
configure:3138: checking for gcc option to accept ISO C89
configure:3201: gcc  -c -g -O2  conftest.c >&5
configure:3201: $? = 0
configure:3214: result: none needed
configure:3240: checking how to run the C preprocessor
configure:3271: gcc -E  conftest.c
configure:3271: $? = 0
configure:3285: gcc -E  conftest.c
conftest.c:9:10: fatal error: ac_nonexistent.h: No such file or directory
    9 | #include <ac_nonexistent.h>
      |          ^~~~~~~~~~~~~~~~~~
compilation terminated.
configure:3285: $? = 1
configure: failed program was:
| /* confdefs.h */
| #define PACKAGE_NAME "Spines"
| #define PACKAGE_TARNAME "spines"
| #define PACKAGE_VERSION "5.3"
| #define PACKAGE_STRING "Spines 5.3"
| #define PACKAGE_BUGREPORT ""
| #define PACKAGE_URL ""
| /* end confdefs.h.  */
| #include <ac_nonexistent.h>
configure:3310: result: gcc -E
configure:3330: gcc -E  conftest.c
configure:3330: $? = 0
configure:3344: gcc -E  conftest.c
conftest.c:9:10: fatal error: ac_nonexistent.h: No such file or directory
    9 | #include <ac_nonexistent.h>
      |          ^~~~~~~~~~~~~~~~~~
compilation terminated.
configure:3344: $? = 1
configure: failed program was:
| /* confdefs.h */
| #define PACKAGE_NAME "Spines"
| #define PACKAGE_TARNAME "spines"
| #define PACKAGE_VERSION "5.3"
| #define PACKAGE_STRING "Spines 5.3"
| #define PACKAGE_BUGREPORT ""
| #define PACKAGE_URL ""
| /* end confdefs.h.  */
| #include <ac_nonexistent.h>
configure:3373: checking for grep that handles long lines and -e
configure:3431: result: /usr/bin/grep
configure:3436: checking for egrep
configure:3498: result: /usr/bin/grep -E
configure:3503: checking for ANSI C header files
configure:3523: gcc -c -g -O2  conftest.c >&5
configure:3523: $? = 0
configure:3596: gcc -o conftest -g -O2   conftest.c  >&5
configure:3596: $? = 0
configure:3596: ./conftest
configure:3596: $? = 0
configure:3607: result: yes
configure:3620: checking for sys/types.h
configure:3620: gcc -c -g -O2  conftest.c >&5
configure:3620: $? = 0
configure:3620: result: yes
configure:3620: checking for sys/stat.h
configure:3620: gcc -c -g -O2  conftest.c >&5
configure:3620: $? = 0
configure:3620: result: yes
configure:3620: checking for stdlib.h
configure:3620: gcc -c -g -O2  conftest.c >&5
configure:3620: $? = 0
configure:3620: result: yes
configure:3620: checking for string.h
configure:3620: gcc -c -g -O2  conftest.c >&5
configure:3620: $? = 0
configure:3620: result: yes
configure:3620: checking for memory.h
configure:3620: gcc -c -g -O2  conftest.c >&5
configure:3620: $? = 0
configure:3620: result: yes
configure:3620: checking for strings.h
configure:3620: gcc -c -g -O2  conftest.c >&5
configure:3620: $? = 0
configure:3620: result: yes
configure:3620: checking for inttypes.h
configure:3620: gcc -c -g -O2  conftest.c >&5
configure:3620: $? = 0
configure:3620: result: yes
configure:3620: checking for stdint.h
configure:3620: gcc -c -g -O2  conftest.c >&5
configure:3620: $? = 0
configure:3620: result: yes
configure:3620: checking for unistd.h
configure:3620: gcc -c -g -O2  conftest.c >&5
configure:3620: $? = 0
configure:3620: result: yes
configure:3632: checking whether byte ordering is bigendian
configure:3647: gcc -c -g -O2  conftest.c >&5
conftest.c:20:16: error: unknown type name 'not'
   20 |                not a universal capable compiler
      |                ^~~
conftest.c:20:22: error: expected '=', ',', ';', 'asm' or '__attribute__' before 'universal'
   20 |                not a universal capable compiler
      |                      ^~~~~~~~~
conftest.c:20:22: error: unknown type name 'universal'
configure:3647: $? = 1
configure: failed program was:
| /* confdefs.h */
| #define PACKAGE_NAME "Spines"
| #define PACKAGE_TARNAME "spines"
| #define PACKAGE_VERSION "5.3"
| #define PACKAGE_STRING "Spines 5.3"
| #define PACKAGE_BUGREPORT ""
| #define PACKAGE_URL ""
| #define STDC_HEADERS 1
| #define HAVE_SYS_TYPES_H 1
| #define HAVE_SYS_STAT_H 1
| #define HAVE_STDLIB_H 1
| #define HAVE_STRING_H 1
| #define HAVE_MEMORY_H 1
| #define HAVE_STRINGS_H 1
| #define HAVE_INTTYPES_H 1
| #define HAVE_STDINT_H 1
| #define HAVE_UNISTD_H 1
| /* end confdefs.h.  */
| #ifndef __APPLE_CC__
| 	       not a universal capable compiler
| 	     #endif
| 	     typedef int dummy;
| 
configure:3692: gcc -c -g -O2  conftest.c >&5
configure:3692: $? = 0
configure:3710: gcc -c -g -O2  conftest.c >&5
conftest.c: In function 'main':
conftest.c:26:18: error: unknown type name 'not'; did you mean 'ino_t'?
   26 |                  not big endian
      |                  ^~~
      |                  ino_t
conftest.c:26:26: error: expected '=', ',', ';', 'asm' or '__attribute__' before 'endian'
   26 |                  not big endian
      |                          ^~~~~~
configure:3710: $? = 1
configure: failed program was:
| /* confdefs.h */
| #define PACKAGE_NAME "Spines"
| #define PACKAGE_TARNAME "spines"
| #define PACKAGE_VERSION "5.3"
| #define PACKAGE_STRING "Spines 5.3"
| #define PACKAGE_BUGREPORT ""
| #define PACKAGE_URL ""
| #define STDC_HEADERS 1
| #define HAVE_SYS_TYPES_H 1
| #define HAVE_SYS_STAT_H 1
| #define HAVE_STDLIB_H 1
| #define HAVE_STRING_H 1
| #define HAVE_MEMORY_H 1
| #define HAVE_STRINGS_H 1
| #define HAVE_INTTYPES_H 1
| #define HAVE_STDINT_H 1
| #define HAVE_UNISTD_H 1
| /* end confdefs.h.  */
| #include <sys/types.h>
| 		#include <sys/param.h>
| 
| int
| main ()
| {
| #if BYTE_ORDER != BIG_ENDIAN
| 		 not big endian
| 		#endif
| 
|   ;
|   return 0;
| }
configure:3838: result: no
configure:3863: checking how to run the C preprocessor
configure:3933: result: gcc -E
configure:3953: gcc -E  conftest.c
configure:3953: $? = 0
configure:3967: gcc -E  conftest.c
conftest.c:19:10: fatal error: ac_nonexistent.h: No such file or directory
   19 | #include <ac_nonexistent.h>
      |          ^~~~~~~~~~~~~~~~~~
compilation terminated.
configure:3967: $? = 1
configure: failed program was:
| /* confdefs.h */
| #define PACKAGE_NAME "Spines"
| #define PACKAGE_TARNAME "spines"
| #define PACKAGE_VERSION "5.3"
| #define PACKAGE_STRING "Spines 5.3"
| #define PACKAGE_BUGREPORT ""
| #define PACKAGE_URL ""
| #define STDC_HEADERS 1
| #define HAVE_SYS_TYPES_H 1
| #define HAVE_SYS_STAT_H 1
| #define HAVE_STDLIB_H 1
| #define HAVE_STRING_H 1
| #define HAVE_MEMORY_H 1
| #define HAVE_STRINGS_H 1
| #define HAVE_INTTYPES_H 1
| #define HAVE_STDINT_H 1
| #define HAVE_UNISTD_H 1
| /* end confdefs.h.  */
| #include <ac_nonexistent.h>
configure:4038: checking for ranlib
configure:4054: found /usr/bin/ranlib
configure:4065: result: ranlib
configure:4101: checking for a BSD-compatible install
configure:4169: result: /usr/bin/install -c
configure:4180: checking whether ln -s works
configure:4184: result: yes
configure:4195: checking for bison
configure:4225: result: no
configure:4195: checking for byacc
configure:4225: result: no
configure:4236: checking for flex
configure:4269: result: no
configure:4277: checking for ar
configure:4295: found /usr/bin/ar
configure:4307: result: /usr/bin/ar
configure:4319: checking for perl5
configure:4352: result: no
configure:4319: checking for perl
configure:4337: found /usr/bin/perl
configure:4349: result: /usr/bin/perl
configure:4372: checking for inline
configure:4388: gcc -c -g -O2  conftest.c >&5
configure:4388: $? = 0
configure:4396: result: inline
configure:4490: checking for PEM_read_PUBKEY in -lcrypto
configure:4515: gcc -o conftest -g -O2 -Wall -march=native -D_REENTRANT -DNDEBUG   conftest.c -lcrypto   >&5
configure:4515: $? = 0
configure:4524: result: yes
configure:4535: checking for pthread_create in -lpthread
configure:4560: gcc -o conftest -g -O2 -Wall -march=native -D_REENTRANT -DNDEBUG   conftest.c -lpthread  -lcrypto  >&5
configure:4560: $? = 0
configure:4569: result: yes
configure:4580: checking for thr_create in -lthread
configure:4605: gcc -o conftest -g -O2 -Wall -march=native -D_REENTRANT -DNDEBUG   conftest.c -lthread  -lpthread -lcrypto  >&5
/usr/bin/ld: cannot find -lthread: No such file or directory
collect2: error: ld returned 1 exit status
configure:4605: $? = 1
configure: failed program was:
| /* confdefs.h */
| #define PACKAGE_NAME "Spines"
| #define PACKAGE_TARNAME "spines"
| #define PACKAGE_VERSION "5.3"
| #define PACKAGE_STRING "Spines 5.3"
| #define PACKAGE_BUGREPORT ""
| #define PACKAGE_URL ""
| #define STDC_HEADERS 1
| #define HAVE_SYS_TYPES_H 1
| #define HAVE_SYS_STAT_H 1
| #define HAVE_STDLIB_H 1
| #define HAVE_STRING_H 1
| #define HAVE_MEMORY_H 1
| #define HAVE_STRINGS_H 1
| #define HAVE_INTTYPES_H 1
| #define HAVE_STDINT_H 1
| #define HAVE_UNISTD_H 1
| #define HAVE_LIBCRYPTO 1
| #define HAVE_LIBPTHREAD 1
| /* end confdefs.h.  */
| 
| /* Override any GCC internal prototype to avoid an error.
|    Use char because int might match the return type of a GCC
|    builtin and then its argument prototype would still apply.  */
| #ifdef __cplusplus
| extern "C"
| #endif
| char thr_create ();
| int
| main ()
| {
| return thr_create ();
|   ;
|   return 0;
| }
configure:4614: result: no
configure:4625: checking for sem_wait in -lposix4
configure:4650: gcc -o conftest -g -O2 -Wall -march=native -D_REENTRANT -DNDEBUG   conftest.c -lposix4  -lpthread -lcrypto  >&5
/usr/bin/ld: cannot find -lposix4: No such file or directory
collect2: error: ld returned 1 exit status
configure:4650: $? = 1
configure: failed program was:
| /* confdefs.h */
| #define PACKAGE_NAME "Spines"
| #define PACKAGE_TARNAME "spines"
| #define PACKAGE_VERSION "5.3"
| #define PACKAGE_STRING "Spines 5.3"
| #define PACKAGE_BUGREPORT ""
| #define PACKAGE_URL ""
| #define STDC_HEADERS 1
| #define HAVE_SYS_TYPES_H 1
| #define HAVE_SYS_STAT_H 1
| #define HAVE_STDLIB_H 1
| #define HAVE_STRING_H 1
| #define HAVE_MEMORY_H 1
| #define HAVE_STRINGS_H 1
| #define HAVE_INTTYPES_H 1
| #define HAVE_STDINT_H 1
| #define HAVE_UNISTD_H 1
| #define HAVE_LIBCRYPTO 1
| #define HAVE_LIBPTHREAD 1
| /* end confdefs.h.  */
| 
| /* Override any GCC internal prototype to avoid an error.
|    Use char because int might match the return type of a GCC
|    builtin and then its argument prototype would still apply.  */
| #ifdef __cplusplus
| extern "C"
| #endif
| char sem_wait ();
| int
| main ()
| {
| return sem_wait ();
|   ;
|   return 0;
| }
configure:4659: result: no
configure:4672: checking for pthread_atfork
configure:4672: gcc -o conftest -g -O2 -Wall -march=native -D_REENTRANT -DNDEBUG   conftest.c -lpthread -lcrypto  >&5
configure:4672: $? = 0
configure:4672: result: yes
configure:4681: checking for gethostbyaddr in -lnsl
configure:4706: gcc -o conftest -g -O2 -Wall -march=native -D_REENTRANT -DNDEBUG   conftest.c -lnsl  -lpthread -lcrypto  >&5
configure:4706: $? = 0
configure:4715: result: yes
configure:4726: checking for socket in -lsocket
configure:4751: gcc -o conftest -g -O2 -Wall -march=native -D_REENTRANT -DNDEBUG   conftest.c -lsocket  -lnsl -lpthread -lcrypto  >&5
/usr/bin/ld: cannot find -lsocket: No such file or directory
collect2: error: ld returned 1 exit status
configure:4751: $? = 1
configure: failed program was:
| /* confdefs.h */
| #define PACKAGE_NAME "Spines"
| #define PACKAGE_TARNAME "spines"
| #define PACKAGE_VERSION "5.3"
| #define PACKAGE_STRING "Spines 5.3"
| #define PACKAGE_BUGREPORT ""
| #define PACKAGE_URL ""
| #define STDC_HEADERS 1
| #define HAVE_SYS_TYPES_H 1
| #define HAVE_SYS_STAT_H 1
| #define HAVE_STDLIB_H 1
| #define HAVE_STRING_H 1
| #define HAVE_MEMORY_H 1
| #define HAVE_STRINGS_H 1
| #define HAVE_INTTYPES_H 1
| #define HAVE_STDINT_H 1
| #define HAVE_UNISTD_H 1
| #define HAVE_LIBCRYPTO 1
| #define HAVE_LIBPTHREAD 1
| #define HAVE_PTHREAD_ATFORK 1
| #define HAVE_LIBNSL 1
| /* end confdefs.h.  */
| 
| /* Override any GCC internal prototype to avoid an error.
|    Use char because int might match the return type of a GCC
|    builtin and then its argument prototype would still apply.  */
| #ifdef __cplusplus
| extern "C"
| #endif
| char socket ();
| int
| main ()
| {
| return socket ();
|   ;
|   return 0;
| }
configure:4760: result: no
configure:4771: checking for sem_wait in -lposix4
configure:4805: result: no
configure:4816: checking for sqrt in -lm
configure:4841: gcc -o conftest -g -O2 -Wall -march=native -D_REENTRANT -DNDEBUG   conftest.c -lm  -lnsl -lpthread -lcrypto  >&5
conftest.c:30:6: warning: conflicting types for built-in function 'sqrt'; expected 'double(double)' [-Wbuiltin-declaration-mismatch]
   30 | char sqrt ();
      |      ^~~~
conftest.c:1:1: note: 'sqrt' is declared in header '<math.h>'
    1 | /* confdefs.h */
configure:4841: $? = 0
configure:4850: result: yes
configure:4861: checking for clock_gettime in -lrt
configure:4886: gcc -o conftest -g -O2 -Wall -march=native -D_REENTRANT -DNDEBUG   conftest.c -lrt  -lm -lnsl -lpthread -lcrypto  >&5
configure:4886: $? = 0
configure:4895: result: yes
configure:4906: checking for dladdr in -ldl
configure:4931: gcc -o conftest -g -O2 -Wall -march=native -D_REENTRANT -DNDEBUG   conftest.c -ldl  -lrt -lm -lnsl -lpthread -lcrypto  >&5
configure:4931: $? = 0
configure:4940: result: yes
configure:4954: checking for strftime
configure:4954: gcc -o conftest -g -O2 -Wall -march=native -D_REENTRANT -DNDEBUG   conftest.c -ldl -lrt -lm -lnsl -lpthread -lcrypto  >&5
conftest.c:49:6: warning: conflicting types for built-in function 'strftime'; expected 'long unsigned int(char *, long unsigned int,  const char *, const void *)' [-Wbuiltin-declaration-mismatch]
   49 | char strftime ();
      |      ^~~~~~~~
conftest.c:37:1: note: 'strftime' is declared in header '<time.h>'
   36 | # include <limits.h>
   37 | #else
configure:4954: $? = 0
configure:4954: result: yes
configure:5012: checking arpa/inet.h usability
configure:5012: gcc -c -g -O2 -Wall -march=native -D_REENTRANT -DNDEBUG  conftest.c >&5
configure:5012: $? = 0
configure:5012: result: yes
configure:5012: checking arpa/inet.h presence
configure:5012: gcc -E  conftest.c
configure:5012: $? = 0
configure:5012: result: yes
configure:5012: checking for arpa/inet.h
configure:5012: result: yes
configure:5012: checking assert.h usability
configure:5012: gcc -c -g -O2 -Wall -march=native -D_REENTRANT -DNDEBUG  conftest.c >&5
configure:5012: $? = 0
configure:5012: result: yes
configure:5012: checking assert.h presence
configure:5012: gcc -E  conftest.c
configure:5012: $? = 0
configure:5012: result: yes
configure:5012: checking for assert.h
configure:5012: result: yes
configure:5012: checking errno.h usability
configure:5012: gcc -c -g -O2 -Wall -march=native -D_REENTRANT -DNDEBUG  conftest.c >&5
configure:5012: $? = 0
configure:5012: result: yes
configure:5012: checking errno.h presence
configure:5012: gcc -E  conftest.c
configure:5012: $? = 0
configure:5012: result: yes
configure:5012: checking for errno.h
configure:5012: result: yes
configure:5012: checking grp.h usability
configure:5012: gcc -c -g -O2 -Wall -march=native -D_REENTRANT -DNDEBUG  conftest.c >&5
configure:5012: $? = 0
configure:5012: result: yes
configure:5012: checking grp.h presence
configure:5012: gcc -E  conftest.c
configure:5012: $? = 0
configure:5012: result: yes
configure:5012: checking for grp.h
configure:5012: result: yes
configure:5012: checking limits.h usability
configure:5012: gcc -c -g -O2 -Wall -march=native -D_REENTRANT -DNDEBUG  conftest.c >&5
configure:5012: $? = 0
configure:5012: result: yes
configure:5012: checking limits.h presence
configure:5012: gcc -E  conftest.c
configure:5012: $? = 0
configure:5012: result: yes
configure:5012: checking for limits.h
configure:5012: result: yes
configure:5012: checking netdb.h usability
configure:5012: gcc -c -g -O2 -Wall -march=native -D_REENTRANT -DNDEBUG  conftest.c >&5
configure:5012: $? = 0
configure:5012: result: yes
configure:5012: checking netdb.h presence
configure:5012: gcc -E  conftest.c
configure:5012: $? = 0
configure:5012: result: yes
configure:5012: checking for netdb.h
configure:5012: result: yes
configure:5012: checking netinet/in.h usability
configure:5012: gcc -c -g -O2 -Wall -march=native -D_REENTRANT -DNDEBUG  conftest.c >&5
configure:5012: $? = 0
configure:5012: result: yes
configure:5012: checking netinet/in.h presence
configure:5012: gcc -E  conftest.c
configure:5012: $? = 0
configure:5012: result: yes
configure:5012: checking for netinet/in.h
configure:5012: result: yes
configure:5012: checking netinet/tcp.h usability
configure:5012: gcc -c -g -O2 -Wall -march=native -D_REENTRANT -DNDEBUG  conftest.c >&5
configure:5012: $? = 0
configure:5012: result: yes
configure:5012: checking netinet/tcp.h presence
configure:5012: gcc -E  conftest.c
configure:5012: $? = 0
configure:5012: result: yes
configure:5012: checking for netinet/tcp.h
configure:5012: result: yes
configure:5012: checking process.h usability
configure:5012: gcc -c -g -O2 -Wall -march=native -D_REENTRANT -DNDEBUG  conftest.c >&5
conftest.c:68:10: fatal error: process.h: No such file or directory
   68 | #include <process.h>
      |          ^~~~~~~~~~~
compilation terminated.
configure:5012: $? = 1
configure: failed program was:
| /* confdefs.h */
| #define PACKAGE_NAME "Spines"
| #define PACKAGE_TARNAME "spines"
| #define PACKAGE_VERSION "5.3"
| #define PACKAGE_STRING "Spines 5.3"
| #define PACKAGE_BUGREPORT ""
| #define PACKAGE_URL ""
| #define STDC_HEADERS 1
| #define HAVE_SYS_TYPES_H 1
| #define HAVE_SYS_STAT_H 1
| #define HAVE_STDLIB_H 1
| #define HAVE_STRING_H 1
| #define HAVE_MEMORY_H 1
| #define HAVE_STRINGS_H 1
| #define HAVE_INTTYPES_H 1
| #define HAVE_STDINT_H 1
| #define HAVE_UNISTD_H 1
| #define HAVE_LIBCRYPTO 1
| #define HAVE_LIBPTHREAD 1
| #define HAVE_PTHREAD_ATFORK 1
| #define HAVE_LIBNSL 1
| #define HAVE_LIBM 1
| #define HAVE_LIBRT 1
| #define HAVE_LIBDL 1
| #define HAVE_STRFTIME 1
| #define HAVE_ARPA_INET_H 1
| #define HAVE_ASSERT_H 1
| #define HAVE_ERRNO_H 1
| #define HAVE_GRP_H 1
| #define HAVE_LIMITS_H 1
| #define HAVE_NETDB_H 1
| #define HAVE_NETINET_IN_H 1
| #define HAVE_NETINET_TCP_H 1
| /* end confdefs.h.  */
| #include <stdio.h>
| #ifdef HAVE_SYS_TYPES_H
| # include <sys/types.h>
| #endif
| #ifdef HAVE_SYS_STAT_H
| # include <sys/stat.h>
| #endif
| #ifdef STDC_HEADERS
| # include <stdlib.h>
| # include <stddef.h>
| #else
| # ifdef HAVE_STDLIB_H
| #  include <stdlib.h>
| # endif
| #endif
| #ifdef HAVE_STRING_H
| # if !defined STDC_HEADERS && defined HAVE_MEMORY_H
| #  include <memory.h>
| # endif
| # include <string.h>
| #endif
| #ifdef HAVE_STRINGS_H
| # include <strings.h>
| #endif
| #ifdef HAVE_INTTYPES_H
| # include <inttypes.h>
| #endif
| #ifdef HAVE_STDINT_H
| # include <stdint.h>
| #endif
| #ifdef HAVE_UNISTD_H
| # include <unistd.h>
| #endif
| #include <process.h>
configure:5012: result: no
configure:5012: checking process.h presence
configure:5012: gcc -E  conftest.c
conftest.c:35:10: fatal error: process.h: No such file or directory
   35 | #include <process.h>
      |          ^~~~~~~~~~~
compilation terminated.
configure:5012: $? = 1
configure: failed program was:
| /* confdefs.h */
| #define PACKAGE_NAME "Spines"
| #define PACKAGE_TARNAME "spines"
| #define PACKAGE_VERSION "5.3"
| #define PACKAGE_STRING "Spines 5.3"
| #define PACKAGE_BUGREPORT ""
| #define PACKAGE_URL ""
| #define STDC_HEADERS 1
| #define HAVE_SYS_TYPES_H 1
| #define HAVE_SYS_STAT_H 1
| #define HAVE_STDLIB_H 1
| #define HAVE_STRING_H 1
| #define HAVE_MEMORY_H 1
| #define HAVE_STRINGS_H 1
| #define HAVE_INTTYPES_H 1
| #define HAVE_STDINT_H 1
| #define HAVE_UNISTD_H 1
| #define HAVE_LIBCRYPTO 1
| #define HAVE_LIBPTHREAD 1
| #define HAVE_PTHREAD_ATFORK 1
| #define HAVE_LIBNSL 1
| #define HAVE_LIBM 1
| #define HAVE_LIBRT 1
| #define HAVE_LIBDL 1
| #define HAVE_STRFTIME 1
| #define HAVE_ARPA_INET_H 1
| #define HAVE_ASSERT_H 1
| #define HAVE_ERRNO_H 1
| #define HAVE_GRP_H 1
| #define HAVE_LIMITS_H 1
| #define HAVE_NETDB_H 1
| #define HAVE_NETINET_IN_H 1
| #define HAVE_NETINET_TCP_H 1
| /* end confdefs.h.  */
| #include <process.h>
configure:5012: result: no
configure:5012: checking for process.h
configure:5012: result: no
configure:5012: checking pthread.h usability
configure:5012: gcc -c -g -O2 -Wall -march=native -D_REENTRANT -DNDEBUG  conftest.c >&5
configure:5012: $? = 0
configure:5012: result: yes
configure:5012: checking pthread.h presence
configure:5012: gcc -E  conftest.c
configure:5012: $? = 0
configure:5012: result: yes
configure:5012: checking for pthread.h
configure:5012: result: yes
configure:5012: checking pwd.h usability
configure:5012: gcc -c -g -O2 -Wall -march=native -D_REENTRANT -DNDEBUG  conftest.c >&5
configure:5012: $? = 0
configure:5012: result: yes
configure:5012: checking pwd.h presence
configure:5012: gcc -E  conftest.c
configure:5012: $? = 0
configure:5012: result: yes
configure:5012: checking for pwd.h
configure:5012: result: yes
configure:5012: checking signal.h usability
configure:5012: gcc -c -g -O2 -Wall -march=native -D_REENTRANT -DNDEBUG  conftest.c >&5
configure:5012: $? = 0
configure:5012: result: yes
configure:5012: checking signal.h presence
configure:5012: gcc -E  conftest.c
configure:5012: $? = 0
configure:5012: result: yes
configure:5012: checking for signal.h
configure:5012: result: yes
configure:5012: checking stdarg.h usability
configure:5012: gcc -c -g -O2 -Wall -march=native -D_REENTRANT -DNDEBUG  conftest.c >&5
configure:5012: $? = 0
configure:5012: result: yes
configure:5012: checking stdarg.h presence
configure:5012: gcc -E  conftest.c
configure:5012: $? = 0
configure:5012: result: yes
configure:5012: checking for stdarg.h
configure:5012: result: yes
configure:5012: checking for stdint.h
configure:5012: result: yes
configure:5012: checking stdio.h usability
configure:5012: gcc -c -g -O2 -Wall -march=native -D_REENTRANT -DNDEBUG  conftest.c >&5
configure:5012: $? = 0
configure:5012: result: yes
configure:5012: checking stdio.h presence
configure:5012: gcc -E  conftest.c
configure:5012: $? = 0
configure:5012: result: yes
configure:5012: checking for stdio.h
configure:5012: result: yes
configure:5012: checking for stdlib.h
configure:5012: result: yes
configure:5012: checking for string.h
configure:5012: result: yes
configure:5012: checking sys/inttypes.h usability
configure:5012: gcc -c -g -O2 -Wall -march=native -D_REENTRANT -DNDEBUG  conftest.c >&5
conftest.c:76:10: fatal error: sys/inttypes.h: No such file or directory
   76 | #include <sys/inttypes.h>
      |          ^~~~~~~~~~~~~~~~
compilation terminated.
configure:5012: $? = 1
configure: failed program was:
| /* confdefs.h */
| #define PACKAGE_NAME "Spines"
| #define PACKAGE_TARNAME "spines"
| #define PACKAGE_VERSION "5.3"
| #define PACKAGE_STRING "Spines 5.3"
| #define PACKAGE_BUGREPORT ""
| #define PACKAGE_URL ""
| #define STDC_HEADERS 1
| #define HAVE_SYS_TYPES_H 1
| #define HAVE_SYS_STAT_H 1
| #define HAVE_STDLIB_H 1
| #define HAVE_STRING_H 1
| #define HAVE_MEMORY_H 1
| #define HAVE_STRINGS_H 1
| #define HAVE_INTTYPES_H 1
| #define HAVE_STDINT_H 1
| #define HAVE_UNISTD_H 1
| #define HAVE_LIBCRYPTO 1
| #define HAVE_LIBPTHREAD 1
| #define HAVE_PTHREAD_ATFORK 1
| #define HAVE_LIBNSL 1
| #define HAVE_LIBM 1
| #define HAVE_LIBRT 1
| #define HAVE_LIBDL 1
| #define HAVE_STRFTIME 1
| #define HAVE_ARPA_INET_H 1
| #define HAVE_ASSERT_H 1
| #define HAVE_ERRNO_H 1
| #define HAVE_GRP_H 1
| #define HAVE_LIMITS_H 1
| #define HAVE_NETDB_H 1
| #define HAVE_NETINET_IN_H 1
| #define HAVE_NETINET_TCP_H 1
| #define HAVE_PTHREAD_H 1
| #define HAVE_PWD_H 1
| #define HAVE_SIGNAL_H 1
| #define HAVE_STDARG_H 1
| #define HAVE_STDINT_H 1
| #define HAVE_STDIO_H 1
| #define HAVE_STDLIB_H 1
| #define HAVE_STRING_H 1
| /* end confdefs.h.  */
| #include <stdio.h>
| #ifdef HAVE_SYS_TYPES_H
| # include <sys/types.h>
| #endif
| #ifdef HAVE_SYS_STAT_H
| # include <sys/stat.h>
| #endif
| #ifdef STDC_HEADERS
| # include <stdlib.h>
| # include <stddef.h>
| #else
| # ifdef HAVE_STDLIB_H
| #  include <stdlib.h>
| # endif
| #endif
| #ifdef HAVE_STRING_H
| # if !defined STDC_HEADERS && defined HAVE_MEMORY_H
| #  include <memory.h>
| # endif
| # include <string.h>
| #endif
| #ifdef HAVE_STRINGS_H
| # include <strings.h>
| #endif
| #ifdef HAVE_INTTYPES_H
| # include <inttypes.h>
| #endif
| #ifdef HAVE_STDINT_H
| # include <stdint.h>
| #endif
| #ifdef HAVE_UNISTD_H
| # include <unistd.h>
| #endif
| #include <sys/inttypes.h>
configure:5012: result: no
configure:5012: checking sys/inttypes.h presence
configure:5012: gcc -E  conftest.c
conftest.c:43:10: fatal error: sys/inttypes.h: No such file or directory
   43 | #include <sys/inttypes.h>
      |          ^~~~~~~~~~~~~~~~
compilation terminated.
configure:5012: $? = 1
configure: failed program was:
| /* confdefs.h */
| #define PACKAGE_NAME "Spines"
| #define PACKAGE_TARNAME "spines"
| #define PACKAGE_VERSION "5.3"
| #define PACKAGE_STRING "Spines 5.3"
| #define PACKAGE_BUGREPORT ""
| #define PACKAGE_URL ""
| #define STDC_HEADERS 1
| #define HAVE_SYS_TYPES_H 1
| #define HAVE_SYS_STAT_H 1
| #define HAVE_STDLIB_H 1
| #define HAVE_STRING_H 1
| #define HAVE_MEMORY_H 1
| #define HAVE_STRINGS_H 1
| #define HAVE_INTTYPES_H 1
| #define HAVE_STDINT_H 1
| #define HAVE_UNISTD_H 1
| #define HAVE_LIBCRYPTO 1
| #define HAVE_LIBPTHREAD 1
| #define HAVE_PTHREAD_ATFORK 1
| #define HAVE_LIBNSL 1
| #define HAVE_LIBM 1
| #define HAVE_LIBRT 1
| #define HAVE_LIBDL 1
| #define HAVE_STRFTIME 1
| #define HAVE_ARPA_INET_H 1
| #define HAVE_ASSERT_H 1
| #define HAVE_ERRNO_H 1
| #define HAVE_GRP_H 1
| #define HAVE_LIMITS_H 1
| #define HAVE_NETDB_H 1
| #define HAVE_NETINET_IN_H 1
| #define HAVE_NETINET_TCP_H 1
| #define HAVE_PTHREAD_H 1
| #define HAVE_PWD_H 1
| #define HAVE_SIGNAL_H 1
| #define HAVE_STDARG_H 1
| #define HAVE_STDINT_H 1
| #define HAVE_STDIO_H 1
| #define HAVE_STDLIB_H 1
| #define HAVE_STRING_H 1
| /* end confdefs.h.  */
| #include <sys/inttypes.h>
configure:5012: result: no
configure:5012: checking for sys/inttypes.h
configure:5012: result: no
configure:5012: checking sys/ioctl.h usability
configure:5012: gcc -c -g -O2 -Wall -march=native -D_REENTRANT -DNDEBUG  conftest.c >&5
configure:5012: $? = 0
configure:5012: result: yes
configure:5012: checking sys/ioctl.h presence
configure:5012: gcc -E  conftest.c
configure:5012: $? = 0
configure:5012: result: yes
configure:5012: checking for sys/ioctl.h
configure:5012: result: yes
configure:5012: checking sys/param.h usability
configure:5012: gcc -c -g -O2 -Wall -march=native -D_REENTRANT -DNDEBUG  conftest.c >&5
configure:5012: $? = 0
configure:5012: result: yes
configure:5012: checking sys/param.h presence
configure:5012: gcc -E  conftest.c
configure:5012: $? = 0
configure:5012: result: yes
configure:5012: checking for sys/param.h
configure:5012: result: yes
configure:5012: checking sys/socket.h usability
configure:5012: gcc -c -g -O2 -Wall -march=native -D_REENTRANT -DNDEBUG  conftest.c >&5
configure:5012: $? = 0
configure:5012: result: yes
configure:5012: checking sys/socket.h presence
configure:5012: gcc -E  conftest.c
configure:5012: $? = 0
configure:5012: result: yes
configure:5012: checking for sys/socket.h
configure:5012: result: yes
configure:5012: checking sys/sockio.h usability
configure:5012: gcc -c -g -O2 -Wall -march=native -D_REENTRANT -DNDEBUG  conftest.c >&5
conftest.c:79:10: fatal error: sys/sockio.h: No such file or directory
   79 | #include <sys/sockio.h>
      |          ^~~~~~~~~~~~~~
compilation terminated.
configure:5012: $? = 1
configure: failed program was:
| /* confdefs.h */
| #define PACKAGE_NAME "Spines"
| #define PACKAGE_TARNAME "spines"
| #define PACKAGE_VERSION "5.3"
| #define PACKAGE_STRING "Spines 5.3"
| #define PACKAGE_BUGREPORT ""
| #define PACKAGE_URL ""
| #define STDC_HEADERS 1
| #define HAVE_SYS_TYPES_H 1
| #define HAVE_SYS_STAT_H 1
| #define HAVE_STDLIB_H 1
| #define HAVE_STRING_H 1
| #define HAVE_MEMORY_H 1
| #define HAVE_STRINGS_H 1
| #define HAVE_INTTYPES_H 1
| #define HAVE_STDINT_H 1
| #define HAVE_UNISTD_H 1
| #define HAVE_LIBCRYPTO 1
| #define HAVE_LIBPTHREAD 1
| #define HAVE_PTHREAD_ATFORK 1
| #define HAVE_LIBNSL 1
| #define HAVE_LIBM 1
| #define HAVE_LIBRT 1
| #define HAVE_LIBDL 1
| #define HAVE_STRFTIME 1
| #define HAVE_ARPA_INET_H 1
| #define HAVE_ASSERT_H 1
| #define HAVE_ERRNO_H 1
| #define HAVE_GRP_H 1
| #define HAVE_LIMITS_H 1
| #define HAVE_NETDB_H 1
| #define HAVE_NETINET_IN_H 1
| #define HAVE_NETINET_TCP_H 1
| #define HAVE_PTHREAD_H 1
| #define HAVE_PWD_H 1
| #define HAVE_SIGNAL_H 1
| #define HAVE_STDARG_H 1
| #define HAVE_STDINT_H 1
| #define HAVE_STDIO_H 1
| #define HAVE_STDLIB_H 1
| #define HAVE_STRING_H 1
| #define HAVE_SYS_IOCTL_H 1
| #define HAVE_SYS_PARAM_H 1
| #define HAVE_SYS_SOCKET_H 1
| /* end confdefs.h.  */
| #include <stdio.h>
| #ifdef HAVE_SYS_TYPES_H
| # include <sys/types.h>
| #endif
| #ifdef HAVE_SYS_STAT_H
| # include <sys/stat.h>
| #endif
| #ifdef STDC_HEADERS
| # include <stdlib.h>
| # include <stddef.h>
| #else
| # ifdef HAVE_STDLIB_H
| #  include <stdlib.h>
| # endif
| #endif
| #ifdef HAVE_STRING_H
| # if !defined STDC_HEADERS && defined HAVE_MEMORY_H
| #  include <memory.h>
| # endif
| # include <string.h>
| #endif
| #ifdef HAVE_STRINGS_H
| # include <strings.h>
| #endif
| #ifdef HAVE_INTTYPES_H
| # include <inttypes.h>
| #endif
| #ifdef HAVE_STDINT_H
| # include <stdint.h>
| #endif
| #ifdef HAVE_UNISTD_H
| # include <unistd.h>
| #endif
| #include <sys/sockio.h>
configure:5012: result: no
configure:5012: checking sys/sockio.h presence
configure:5012: gcc -E  conftest.c
conftest.c:46:10: fatal error: sys/sockio.h: No such file or directory
   46 | #include <sys/sockio.h>
      |          ^~~~~~~~~~~~~~
compilation terminated.
configure:5012: $? = 1
configure: failed program was:
| /* confdefs.h */
| #define PACKAGE_NAME "Spines"
| #define PACKAGE_TARNAME "spines"
| #define PACKAGE_VERSION "5.3"
| #define PACKAGE_STRING "Spines 5.3"
| #define PACKAGE_BUGREPORT ""
| #define PACKAGE_URL ""
| #define STDC_HEADERS 1
| #define HAVE_SYS_TYPES_H 1
| #define HAVE_SYS_STAT_H 1
| #define HAVE_STDLIB_H 1
| #define HAVE_STRING_H 1
| #define HAVE_MEMORY_H 1
| #define HAVE_STRINGS_H 1
| #define HAVE_INTTYPES_H 1
| #define HAVE_STDINT_H 1
| #define HAVE_UNISTD_H 1
| #define HAVE_LIBCRYPTO 1
| #define HAVE_LIBPTHREAD 1
| #define HAVE_PTHREAD_ATFORK 1
| #define HAVE_LIBNSL 1
| #define HAVE_LIBM 1
| #define HAVE_LIBRT 1
| #define HAVE_LIBDL 1
| #define HAVE_STRFTIME 1
| #define HAVE_ARPA_INET_H 1
| #define HAVE_ASSERT_H 1
| #define HAVE_ERRNO_H 1
| #define HAVE_GRP_H 1
| #define HAVE_LIMITS_H 1
| #define HAVE_NETDB_H 1
| #define HAVE_NETINET_IN_H 1
| #define HAVE_NETINET_TCP_H 1
| #define HAVE_PTHREAD_H 1
| #define HAVE_PWD_H 1
| #define HAVE_SIGNAL_H 1
| #define HAVE_STDARG_H 1
| #define HAVE_STDINT_H 1
| #define HAVE_STDIO_H 1
| #define HAVE_STDLIB_H 1
| #define HAVE_STRING_H 1
| #define HAVE_SYS_IOCTL_H 1
| #define HAVE_SYS_PARAM_H 1
| #define HAVE_SYS_SOCKET_H 1
| /* end confdefs.h.  */
| #include <sys/sockio.h>
configure:5012: result: no
configure:5012: checking for sys/sockio.h
configure:5012: result: no
configure:5012: checking for sys/stat.h
configure:5012: result: yes
configure:5012: checking sys/time.h usability
configure:5012: gcc -c -g -O2 -Wall -march=native -D_REENTRANT -DNDEBUG  conftest.c >&5
configure:5012: $? = 0
configure:5012: result: yes
configure:5012: checking sys/time.h presence
configure:5012: gcc -E  conftest.c
configure:5012: $? = 0
configure:5012: result: yes
configure:5012: checking for sys/time.h
configure:5012: result: yes
configure:5012: checking sys/timeb.h usability
configure:5012: gcc -c -g -O2 -Wall -march=native -D_REENTRANT -DNDEBUG  conftest.c >&5
configure:5012: $? = 0
configure:5012: result: yes
configure:5012: checking sys/timeb.h presence
configure:5012: gcc -E  conftest.c
configure:5012: $? = 0
configure:5012: result: yes
configure:5012: checking for sys/timeb.h
configure:5012: result: yes
configure:5012: checking for sys/types.h
configure:5012: result: yes
configure:5012: checking sys/uio.h usability
configure:5012: gcc -c -g -O2 -Wall -march=native -D_REENTRANT -DNDEBUG  conftest.c >&5
configure:5012: $? = 0
configure:5012: result: yes
configure:5012: checking sys/uio.h presence
configure:5012: gcc -E  conftest.c
configure:5012: $? = 0
configure:5012: result: yes
configure:5012: checking for sys/uio.h
configure:5012: result: yes
configure:5012: checking sys/un.h usability
configure:5012: gcc -c -g -O2 -Wall -march=native -D_REENTRANT -DNDEBUG  conftest.c >&5
configure:5012: $? = 0
configure:5012: result: yes
configure:5012: checking sys/un.h presence
configure:5012: gcc -E  conftest.c
configure:5012: $? = 0
configure:5012: result: yes
configure:5012: checking for sys/un.h
configure:5012: result: yes
configure:5012: checking sys/filio.h usability
configure:5012: gcc -c -g -O2 -Wall -march=native -D_REENTRANT -DNDEBUG  conftest.c >&5
conftest.c:85:10: fatal error: sys/filio.h: No such file or directory
   85 | #include <sys/filio.h>
      |          ^~~~~~~~~~~~~
compilation terminated.
configure:5012: $? = 1
configure: failed program was:
| /* confdefs.h */
| #define PACKAGE_NAME "Spines"
| #define PACKAGE_TARNAME "spines"
| #define PACKAGE_VERSION "5.3"
| #define PACKAGE_STRING "Spines 5.3"
| #define PACKAGE_BUGREPORT ""
| #define PACKAGE_URL ""
| #define STDC_HEADERS 1
| #define HAVE_SYS_TYPES_H 1
| #define HAVE_SYS_STAT_H 1
| #define HAVE_STDLIB_H 1
| #define HAVE_STRING_H 1
| #define HAVE_MEMORY_H 1
| #define HAVE_STRINGS_H 1
| #define HAVE_INTTYPES_H 1
| #define HAVE_STDINT_H 1
| #define HAVE_UNISTD_H 1
| #define HAVE_LIBCRYPTO 1
| #define HAVE_LIBPTHREAD 1
| #define HAVE_PTHREAD_ATFORK 1
| #define HAVE_LIBNSL 1
| #define HAVE_LIBM 1
| #define HAVE_LIBRT 1
| #define HAVE_LIBDL 1
| #define HAVE_STRFTIME 1
| #define HAVE_ARPA_INET_H 1
| #define HAVE_ASSERT_H 1
| #define HAVE_ERRNO_H 1
| #define HAVE_GRP_H 1
| #define HAVE_LIMITS_H 1
| #define HAVE_NETDB_H 1
| #define HAVE_NETINET_IN_H 1
| #define HAVE_NETINET_TCP_H 1
| #define HAVE_PTHREAD_H 1
| #define HAVE_PWD_H 1
| #define HAVE_SIGNAL_H 1
| #define HAVE_STDARG_H 1
| #define HAVE_STDINT_H 1
| #define HAVE_STDIO_H 1
| #define HAVE_STDLIB_H 1
| #define HAVE_STRING_H 1
| #define HAVE_SYS_IOCTL_H 1
| #define HAVE_SYS_PARAM_H 1
| #define HAVE_SYS_SOCKET_H 1
| #define HAVE_SYS_STAT_H 1
| #define HAVE_SYS_TIME_H 1
| #define HAVE_SYS_TIMEB_H 1
| #define HAVE_SYS_TYPES_H 1
| #define HAVE_SYS_UIO_H 1
| #define HAVE_SYS_UN_H 1
| /* end confdefs.h.  */
| #include <stdio.h>
| #ifdef HAVE_SYS_TYPES_H
| # include <sys/types.h>
| #endif
| #ifdef HAVE_SYS_STAT_H
| # include <sys/stat.h>
| #endif
| #ifdef STDC_HEADERS
| # include <stdlib.h>
| # include <stddef.h>
| #else
| # ifdef HAVE_STDLIB_H
| #  include <stdlib.h>
| # endif
| #endif
| #ifdef HAVE_STRING_H
| # if !defined STDC_HEADERS && defined HAVE_MEMORY_H
| #  include <memory.h>
| # endif
| # include <string.h>
| #endif
| #ifdef HAVE_STRINGS_H
| # include <strings.h>
| #endif
| #ifdef HAVE_INTTYPES_H
| # include <inttypes.h>
| #endif
| #ifdef HAVE_STDINT_H
| # include <stdint.h>
| #endif
| #ifdef HAVE_UNISTD_H
| # include <unistd.h>
| #endif
| #include <sys/filio.h>
configure:5012: result: no
configure:5012: checking sys/filio.h presence
configure:5012: gcc -E  conftest.c
conftest.c:52:10: fatal error: sys/filio.h: No such file or directory
   52 | #include <sys/filio.h>
      |          ^~~~~~~~~~~~~
compilation terminated.
configure:5012: $? = 1
configure: failed program was:
| /* confdefs.h */
| #define PACKAGE_NAME "Spines"
| #define PACKAGE_TARNAME "spines"
| #define PACKAGE_VERSION "5.3"
| #define PACKAGE_STRING "Spines 5.3"
| #define PACKAGE_BUGREPORT ""
| #define PACKAGE_URL ""
| #define STDC_HEADERS 1
| #define HAVE_SYS_TYPES_H 1
| #define HAVE_SYS_STAT_H 1
| #define HAVE_STDLIB_H 1
| #define HAVE_STRING_H 1
| #define HAVE_MEMORY_H 1
| #define HAVE_STRINGS_H 1
| #define HAVE_INTTYPES_H 1
| #define HAVE_STDINT_H 1
| #define HAVE_UNISTD_H 1
| #define HAVE_LIBCRYPTO 1
| #define HAVE_LIBPTHREAD 1
| #define HAVE_PTHREAD_ATFORK 1
| #define HAVE_LIBNSL 1
| #define HAVE_LIBM 1
| #define HAVE_LIBRT 1
| #define HAVE_LIBDL 1
| #define HAVE_STRFTIME 1
| #define HAVE_ARPA_INET_H 1
| #define HAVE_ASSERT_H 1
| #define HAVE_ERRNO_H 1
| #define HAVE_GRP_H 1
| #define HAVE_LIMITS_H 1
| #define HAVE_NETDB_H 1
| #define HAVE_NETINET_IN_H 1
| #define HAVE_NETINET_TCP_H 1
| #define HAVE_PTHREAD_H 1
| #define HAVE_PWD_H 1
| #define HAVE_SIGNAL_H 1
| #define HAVE_STDARG_H 1
| #define HAVE_STDINT_H 1
| #define HAVE_STDIO_H 1
| #define HAVE_STDLIB_H 1
| #define HAVE_STRING_H 1
| #define HAVE_SYS_IOCTL_H 1
| #define HAVE_SYS_PARAM_H 1
| #define HAVE_SYS_SOCKET_H 1
| #define HAVE_SYS_STAT_H 1
| #define HAVE_SYS_TIME_H 1
| #define HAVE_SYS_TIMEB_H 1
| #define HAVE_SYS_TYPES_H 1
| #define HAVE_SYS_UIO_H 1
| #define HAVE_SYS_UN_H 1
| /* end confdefs.h.  */
| #include <sys/filio.h>
configure:5012: result: no
configure:5012: checking for sys/filio.h
configure:5012: result: no
configure:5012: checking time.h usability
configure:5012: gcc -c -g -O2 -Wall -march=native -D_REENTRANT -DNDEBUG  conftest.c >&5
configure:5012: $? = 0
configure:5012: result: yes
configure:5012: checking time.h presence
configure:5012: gcc -E  conftest.c
configure:5012: $? = 0
configure:5012: result: yes
configure:5012: checking for time.h
configure:5012: result: yes
configure:5012: checking for unistd.h
configure:5012: result: yes
configure:5012: checking windows.h usability
configure:5012: gcc -c -g -O2 -Wall -march=native -D_REENTRANT -DNDEBUG  conftest.c >&5
conftest.c:87:10: fatal error: windows.h: No such file or directory
   87 | #include <windows.h>
      |          ^~~~~~~~~~~
compilation terminated.
configure:5012: $? = 1
configure: failed program was:
| /* confdefs.h */
| #define PACKAGE_NAME "Spines"
| #define PACKAGE_TARNAME "spines"
| #define PACKAGE_VERSION "5.3"
| #define PACKAGE_STRING "Spines 5.3"
| #define PACKAGE_BUGREPORT ""
| #define PACKAGE_URL ""
| #define STDC_HEADERS 1
| #define HAVE_SYS_TYPES_H 1
| #define HAVE_SYS_STAT_H 1
| #define HAVE_STDLIB_H 1
| #define HAVE_STRING_H 1
| #define HAVE_MEMORY_H 1
| #define HAVE_STRINGS_H 1
| #define HAVE_INTTYPES_H 1
| #define HAVE_STDINT_H 1
| #define HAVE_UNISTD_H 1
| #define HAVE_LIBCRYPTO 1
| #define HAVE_LIBPTHREAD 1
| #define HAVE_PTHREAD_ATFORK 1
| #define HAVE_LIBNSL 1
| #define HAVE_LIBM 1
| #define HAVE_LIBRT 1
| #define HAVE_LIBDL 1
| #define HAVE_STRFTIME 1
| #define HAVE_ARPA_INET_H 1
| #define HAVE_ASSERT_H 1
| #define HAVE_ERRNO_H 1
| #define HAVE_GRP_H 1
| #define HAVE_LIMITS_H 1
| #define HAVE_NETDB_H 1
| #define HAVE_NETINET_IN_H 1
| #define HAVE_NETINET_TCP_H 1
| #define HAVE_PTHREAD_H 1
| #define HAVE_PWD_H 1
| #define HAVE_SIGNAL_H 1
| #define HAVE_STDARG_H 1
| #define HAVE_STDINT_H 1
| #define HAVE_STDIO_H 1
| #define HAVE_STDLIB_H 1
| #define HAVE_STRING_H 1
| #define HAVE_SYS_IOCTL_H 1
| #define HAVE_SYS_PARAM_H 1
| #define HAVE_SYS_SOCKET_H 1
| #define HAVE_SYS_STAT_H 1
| #define HAVE_SYS_TIME_H 1
| #define HAVE_SYS_TIMEB_H 1
| #define HAVE_SYS_TYPES_H 1
| #define HAVE_SYS_UIO_H 1
| #define HAVE_SYS_UN_H 1
| #define HAVE_TIME_H 1
| #define HAVE_UNISTD_H 1
| /* end confdefs.h.  */
| #include <stdio.h>
| #ifdef HAVE_SYS_TYPES_H
| # include <sys/types.h>
| #endif
| #ifdef HAVE_SYS_STAT_H
| # include <sys/stat.h>
| #endif
| #ifdef STDC_HEADERS
| # include <stdlib.h>
| # include <stddef.h>
| #else
| # ifdef HAVE_STDLIB_H
| #  include <stdlib.h>
| # endif
| #endif
| #ifdef HAVE_STRING_H
| # if !defined STDC_HEADERS && defined HAVE_MEMORY_H
| #  include <memory.h>
| # endif
| # include <string.h>
| #endif
| #ifdef HAVE_STRINGS_H
| # include <strings.h>
| #endif
| #ifdef HAVE_INTTYPES_H
| # include <inttypes.h>
| #endif
| #ifdef HAVE_STDINT_H
| # include <stdint.h>
| #endif
| #ifdef HAVE_UNISTD_H
| # include <unistd.h>
| #endif
| #include <windows.h>
configure:5012: result: no
configure:5012: checking windows.h presence
configure:5012: gcc -E  conftest.c
conftest.c:54:10: fatal error: windows.h: No such file or directory
   54 | #include <windows.h>
      |          ^~~~~~~~~~~
compilation terminated.
configure:5012: $? = 1
configure: failed program was:
| /* confdefs.h */
| #define PACKAGE_NAME "Spines"
| #define PACKAGE_TARNAME "spines"
| #define PACKAGE_VERSION "5.3"
| #define PACKAGE_STRING "Spines 5.3"
| #define PACKAGE_BUGREPORT ""
| #define PACKAGE_URL ""
| #define STDC_HEADERS 1
| #define HAVE_SYS_TYPES_H 1
| #define HAVE_SYS_STAT_H 1
| #define HAVE_STDLIB_H 1
| #define HAVE_STRING_H 1
| #define HAVE_MEMORY_H 1
| #define HAVE_STRINGS_H 1
| #define HAVE_INTTYPES_H 1
| #define HAVE_STDINT_H 1
| #define HAVE_UNISTD_H 1
| #define HAVE_LIBCRYPTO 1
| #define HAVE_LIBPTHREAD 1
| #define HAVE_PTHREAD_ATFORK 1
| #define HAVE_LIBNSL 1
| #define HAVE_LIBM 1
| #define HAVE_LIBRT 1
| #define HAVE_LIBDL 1
| #define HAVE_STRFTIME 1
| #define HAVE_ARPA_INET_H 1
| #define HAVE_ASSERT_H 1
| #define HAVE_ERRNO_H 1
| #define HAVE_GRP_H 1
| #define HAVE_LIMITS_H 1
| #define HAVE_NETDB_H 1
| #define HAVE_NETINET_IN_H 1
| #define HAVE_NETINET_TCP_H 1
| #define HAVE_PTHREAD_H 1
| #define HAVE_PWD_H 1
| #define HAVE_SIGNAL_H 1
| #define HAVE_STDARG_H 1
| #define HAVE_STDINT_H 1
| #define HAVE_STDIO_H 1
| #define HAVE_STDLIB_H 1
| #define HAVE_STRING_H 1
| #define HAVE_SYS_IOCTL_H 1
| #define HAVE_SYS_PARAM_H 1
| #define HAVE_SYS_SOCKET_H 1
| #define HAVE_SYS_STAT_H 1
| #define HAVE_SYS_TIME_H 1
| #define HAVE_SYS_TIMEB_H 1
| #define HAVE_SYS_TYPES_H 1
| #define HAVE_SYS_UIO_H 1
| #define HAVE_SYS_UN_H 1
| #define HAVE_TIME_H 1
| #define HAVE_UNISTD_H 1
| /* end confdefs.h.  */
| #include <windows.h>
configure:5012: result: no
configure:5012: checking for windows.h
configure:5012: result: no
configure:5012: checking winsock.h usability
configure:5012: gcc -c -g -O2 -Wall -march=native -D_REENTRANT -DNDEBUG  conftest.c >&5
conftest.c:87:10: fatal error: winsock.h: No such file or directory
   87 | #include <winsock.h>
      |          ^~~~~~~~~~~
compilation terminated.
configure:5012: $? = 1
configure: failed program was:
| /* confdefs.h */
| #define PACKAGE_NAME "Spines"
| #define PACKAGE_TARNAME "spines"
| #define PACKAGE_VERSION "5.3"
| #define PACKAGE_STRING "Spines 5.3"
| #define PACKAGE_BUGREPORT ""
| #define PACKAGE_URL ""
| #define STDC_HEADERS 1
| #define HAVE_SYS_TYPES_H 1
| #define HAVE_SYS_STAT_H 1
| #define HAVE_STDLIB_H 1
| #define HAVE_STRING_H 1
| #define HAVE_MEMORY_H 1
| #define HAVE_STRINGS_H 1
| #define HAVE_INTTYPES_H 1
| #define HAVE_STDINT_H 1
| #define HAVE_UNISTD_H 1
| #define HAVE_LIBCRYPTO 1
| #define HAVE_LIBPTHREAD 1
| #define HAVE_PTHREAD_ATFORK 1
| #define HAVE_LIBNSL 1
| #define HAVE_LIBM 1
| #define HAVE_LIBRT 1
| #define HAVE_LIBDL 1
| #define HAVE_STRFTIME 1
| #define HAVE_ARPA_INET_H 1
| #define HAVE_ASSERT_H 1
| #define HAVE_ERRNO_H 1
| #define HAVE_GRP_H 1
| #define HAVE_LIMITS_H 1
| #define HAVE_NETDB_H 1
| #define HAVE_NETINET_IN_H 1
| #define HAVE_NETINET_TCP_H 1
| #define HAVE_PTHREAD_H 1
| #define HAVE_PWD_H 1
| #define HAVE_SIGNAL_H 1
| #define HAVE_STDARG_H 1
| #define HAVE_STDINT_H 1
| #define HAVE_STDIO_H 1
| #define HAVE_STDLIB_H 1
| #define HAVE_STRING_H 1
| #define HAVE_SYS_IOCTL_H 1
| #define HAVE_SYS_PARAM_H 1
| #define HAVE_SYS_SOCKET_H 1
| #define HAVE_SYS_STAT_H 1
| #define HAVE_SYS_TIME_H 1
| #define HAVE_SYS_TIMEB_H 1
| #define HAVE_SYS_TYPES_H 1
| #define HAVE_SYS_UIO_H 1
| #define HAVE_SYS_UN_H 1
| #define HAVE_TIME_H 1
| #define HAVE_UNISTD_H 1
| /* end confdefs.h.  */
| #include <stdio.h>
| #ifdef HAVE_SYS_TYPES_H
| # include <sys/types.h>
| #endif
| #ifdef HAVE_SYS_STAT_H
| # include <sys/stat.h>
| #endif
| #ifdef STDC_HEADERS
| # include <stdlib.h>
| # include <stddef.h>
| #else
| # ifdef HAVE_STDLIB_H
| #  include <stdlib.h>
| # endif
| #endif
| #ifdef HAVE_STRING_H
| # if !defined STDC_HEADERS && defined HAVE_MEMORY_H
| #  include <memory.h>
| # endif
| # include <string.h>
| #endif
| #ifdef HAVE_STRINGS_H
| # include <strings.h>
| #endif
| #ifdef HAVE_INTTYPES_H
| # include <inttypes.h>
| #endif
| #ifdef HAVE_STDINT_H
| # include <stdint.h>
| #endif
| #ifdef HAVE_UNISTD_H
| # include <unistd.h>
| #endif
| #include <winsock.h>
configure:5012: result: no
configure:5012: checking winsock.h presence
configure:5012: gcc -E  conftest.c
conftest.c:54:10: fatal error: winsock.h: No such file or directory
   54 | #include <winsock.h>
      |          ^~~~~~~~~~~
compilation terminated.
configure:5012: $? = 1
configure: failed program was:
| /* confdefs.h */
| #define PACKAGE_NAME "Spines"
| #define PACKAGE_TARNAME "spines"
| #define PACKAGE_VERSION "5.3"
| #define PACKAGE_STRING "Spines 5.3"
| #define PACKAGE_BUGREPORT ""
| #define PACKAGE_URL ""
| #define STDC_HEADERS 1
| #define HAVE_SYS_TYPES_H 1
| #define HAVE_SYS_STAT_H 1
| #define HAVE_STDLIB_H 1
| #define HAVE_STRING_H 1
| #define HAVE_MEMORY_H 1
| #define HAVE_STRINGS_H 1
| #define HAVE_INTTYPES_H 1
| #define HAVE_STDINT_H 1
| #define HAVE_UNISTD_H 1
| #define HAVE_LIBCRYPTO 1
| #define HAVE_LIBPTHREAD 1
| #define HAVE_PTHREAD_ATFORK 1
| #define HAVE_LIBNSL 1
| #define HAVE_LIBM 1
| #define HAVE_LIBRT 1
| #define HAVE_LIBDL 1
| #define HAVE_STRFTIME 1
| #define HAVE_ARPA_INET_H 1
| #define HAVE_ASSERT_H 1
| #define HAVE_ERRNO_H 1
| #define HAVE_GRP_H 1
| #define HAVE_LIMITS_H 1
| #define HAVE_NETDB_H 1
| #define HAVE_NETINET_IN_H 1
| #define HAVE_NETINET_TCP_H 1
| #define HAVE_PTHREAD_H 1
| #define HAVE_PWD_H 1
| #define HAVE_SIGNAL_H 1
| #define HAVE_STDARG_H 1
| #define HAVE_STDINT_H 1
| #define HAVE_STDIO_H 1
| #define HAVE_STDLIB_H 1
| #define HAVE_STRING_H 1
| #define HAVE_SYS_IOCTL_H 1
| #define HAVE_SYS_PARAM_H 1
| #define HAVE_SYS_SOCKET_H 1
| #define HAVE_SYS_STAT_H 1
| #define HAVE_SYS_TIME_H 1
| #define HAVE_SYS_TIMEB_H 1
| #define HAVE_SYS_TYPES_H 1
| #define HAVE_SYS_UIO_H 1
| #define HAVE_SYS_UN_H 1
| #define HAVE_TIME_H 1
| #define HAVE_UNISTD_H 1
| /* end confdefs.h.  */
| #include <winsock.h>
configure:5012: result: no
configure:5012: checking for winsock.h
configure:5012: result: no
configure:5027: checking features.h usability
configure:5027: gcc -c -g -O2 -Wall -march=native -D_REENTRANT -DNDEBUG  conftest.c >&5
configure:5027: $? = 0
configure:5027: result: yes
configure:5027: checking features.h presence
configure:5027: gcc -E  conftest.c
configure:5027: $? = 0
configure:5027: result: yes
configure:5027: checking for features.h
configure:5027: result: yes
configure:5027: checking netpacket/packet.h usability
configure:5027: gcc -c -g -O2 -Wall -march=native -D_REENTRANT -DNDEBUG  conftest.c >&5
configure:5027: $? = 0
configure:5027: result: yes
configure:5027: checking netpacket/packet.h presence
configure:5027: gcc -E  conftest.c
configure:5027: $? = 0
configure:5027: result: yes
configure:5027: checking for netpacket/packet.h
configure:5027: result: yes
configure:5027: checking net/ethernet.h usability
configure:5027: gcc -c -g -O2 -Wall -march=native -D_REENTRANT -DNDEBUG  conftest.c >&5
configure:5027: $? = 0
configure:5027: result: yes
configure:5027: checking net/ethernet.h presence
configure:5027: gcc -E  conftest.c
configure:5027: $? = 0
configure:5027: result: yes
configure:5027: checking for net/ethernet.h
configure:5027: result: yes
configure:5027: checking net/if_arp.h usability
configure:5027: gcc -c -g -O2 -Wall -march=native -D_REENTRANT -DNDEBUG  conftest.c >&5
configure:5027: $? = 0
configure:5027: result: yes
configure:5027: checking net/if_arp.h presence
configure:5027: gcc -E  conftest.c
configure:5027: $? = 0
configure:5027: result: yes
configure:5027: checking for net/if_arp.h
configure:5027: result: yes
configure:5027: checking dlfcn.h usability
configure:5027: gcc -c -g -O2 -Wall -march=native -D_REENTRANT -DNDEBUG  conftest.c >&5
configure:5027: $? = 0
configure:5027: result: yes
configure:5027: checking dlfcn.h presence
configure:5027: gcc -E  conftest.c
configure:5027: $? = 0
configure:5027: result: yes
configure:5027: checking for dlfcn.h
configure:5027: result: yes
configure:5042: checking openssl/dh.h usability
configure:5042: gcc -c -g -O2 -Wall -march=native -D_REENTRANT -DNDEBUG  conftest.c >&5
configure:5042: $? = 0
configure:5042: result: yes
configure:5042: checking openssl/dh.h presence
configure:5042: gcc -E  conftest.c
configure:5042: $? = 0
configure:5042: result: yes
configure:5042: checking for openssl/dh.h
configure:5042: result: yes
configure:5042: checking openssl/engine.h usability
configure:5042: gcc -c -g -O2 -Wall -march=native -D_REENTRANT -DNDEBUG  conftest.c >&5
configure:5042: $? = 0
configure:5042: result: yes
configure:5042: checking openssl/engine.h presence
configure:5042: gcc -E  conftest.c
configure:5042: $? = 0
configure:5042: result: yes
configure:5042: checking for openssl/engine.h
configure:5042: result: yes
configure:5042: checking openssl/evp.h usability
configure:5042: gcc -c -g -O2 -Wall -march=native -D_REENTRANT -DNDEBUG  conftest.c >&5
configure:5042: $? = 0
configure:5042: result: yes
configure:5042: checking openssl/evp.h presence
configure:5042: gcc -E  conftest.c
configure:5042: $? = 0
configure:5042: result: yes
configure:5042: checking for openssl/evp.h
configure:5042: result: yes
configure:5042: checking openssl/hmac.h usability
configure:5042: gcc -c -g -O2 -Wall -march=native -D_REENTRANT -DNDEBUG  conftest.c >&5
configure:5042: $? = 0
configure:5042: result: yes
configure:5042: checking openssl/hmac.h presence
configure:5042: gcc -E  conftest.c
configure:5042: $? = 0
configure:5042: result: yes
configure:5042: checking for openssl/hmac.h
configure:5042: result: yes
configure:5042: checking openssl/pem.h usability
configure:5042: gcc -c -g -O2 -Wall -march=native -D_REENTRANT -DNDEBUG  conftest.c >&5
configure:5042: $? = 0
configure:5042: result: yes
configure:5042: checking openssl/pem.h presence
configure:5042: gcc -E  conftest.c
configure:5042: $? = 0
configure:5042: result: yes
configure:5042: checking for openssl/pem.h
configure:5042: result: yes
configure:5042: checking openssl/sha.h usability
configure:5042: gcc -c -g -O2 -Wall -march=native -D_REENTRANT -DNDEBUG  conftest.c >&5
configure:5042: $? = 0
configure:5042: result: yes
configure:5042: checking openssl/sha.h presence
configure:5042: gcc -E  conftest.c
configure:5042: $? = 0
configure:5042: result: yes
configure:5042: checking for openssl/sha.h
configure:5042: result: yes
configure:5056: checking for bcopy
configure:5056: gcc -o conftest -g -O2 -Wall -march=native -D_REENTRANT -DNDEBUG   conftest.c -ldl -lrt -lm -lnsl -lpthread -lcrypto  >&5
conftest.c:88:6: warning: conflicting types for built-in function 'bcopy'; expected 'void(const void *, void *, long unsigned int)' [-Wbuiltin-declaration-mismatch]
   88 | char bcopy ();
      |      ^~~~~
configure:5056: $? = 0
configure:5056: result: yes
configure:5056: checking for inet_aton
configure:5056: gcc -o conftest -g -O2 -Wall -march=native -D_REENTRANT -DNDEBUG   conftest.c -ldl -lrt -lm -lnsl -lpthread -lcrypto  >&5
configure:5056: $? = 0
configure:5056: result: yes
configure:5056: checking for inet_ntoa
configure:5056: gcc -o conftest -g -O2 -Wall -march=native -D_REENTRANT -DNDEBUG   conftest.c -ldl -lrt -lm -lnsl -lpthread -lcrypto  >&5
configure:5056: $? = 0
configure:5056: result: yes
configure:5056: checking for inet_ntop
configure:5056: gcc -o conftest -g -O2 -Wall -march=native -D_REENTRANT -DNDEBUG   conftest.c -ldl -lrt -lm -lnsl -lpthread -lcrypto  >&5
configure:5056: $? = 0
configure:5056: result: yes
configure:5056: checking for memmove
configure:5056: gcc -o conftest -g -O2 -Wall -march=native -D_REENTRANT -DNDEBUG   conftest.c -ldl -lrt -lm -lnsl -lpthread -lcrypto  >&5
conftest.c:92:6: warning: conflicting types for built-in function 'memmove'; expected 'void *(void *, const void *, long unsigned int)' [-Wbuiltin-declaration-mismatch]
   92 | char memmove ();
      |      ^~~~~~~
conftest.c:80:1: note: 'memmove' is declared in header '<string.h>'
   79 | # include <limits.h>
   80 | #else
configure:5056: $? = 0
configure:5056: result: yes
configure:5056: checking for setsid
configure:5056: gcc -o conftest -g -O2 -Wall -march=native -D_REENTRANT -DNDEBUG   conftest.c -ldl -lrt -lm -lnsl -lpthread -lcrypto  >&5
configure:5056: $? = 0
configure:5056: result: yes
configure:5056: checking for snprintf
configure:5056: gcc -o conftest -g -O2 -Wall -march=native -D_REENTRANT -DNDEBUG   conftest.c -ldl -lrt -lm -lnsl -lpthread -lcrypto  >&5
conftest.c:94:6: warning: conflicting types for built-in function 'snprintf'; expected 'int(char *, long unsigned int,  const char *, ...)' [-Wbuiltin-declaration-mismatch]
   94 | char snprintf ();
      |      ^~~~~~~~
conftest.c:82:1: note: 'snprintf' is declared in header '<stdio.h>'
   81 | # include <limits.h>
   82 | #else
configure:5056: $? = 0
configure:5056: result: yes
configure:5056: checking for strerror
configure:5056: gcc -o conftest -g -O2 -Wall -march=native -D_REENTRANT -DNDEBUG   conftest.c -ldl -lrt -lm -lnsl -lpthread -lcrypto  >&5
configure:5056: $? = 0
configure:5056: result: yes
configure:5056: checking for lrand48
configure:5056: gcc -o conftest -g -O2 -Wall -march=native -D_REENTRANT -DNDEBUG   conftest.c -ldl -lrt -lm -lnsl -lpthread -lcrypto  >&5
configure:5056: $? = 0
configure:5056: result: yes
configure:5068: checking for gettimeofday
configure:5068: gcc -o conftest -g -O2 -Wall -march=native -D_REENTRANT -DNDEBUG   conftest.c -ldl -lrt -lm -lnsl -lpthread -lcrypto  >&5
configure:5068: $? = 0
configure:5068: result: yes
configure:5068: checking for time
configure:5068: gcc -o conftest -g -O2 -Wall -march=native -D_REENTRANT -DNDEBUG   conftest.c -ldl -lrt -lm -lnsl -lpthread -lcrypto  >&5
configure:5068: $? = 0
configure:5068: result: yes
configure:5080: checking whether snprintf correctly terminates long strings
configure:5095: gcc -o conftest -g -O2 -Wall -march=native -D_REENTRANT -DNDEBUG   conftest.c -ldl -lrt -lm -lnsl -lpthread -lcrypto  >&5
conftest.c: In function 'main':
conftest.c:78:45: warning: '123456789' directive output truncated writing 9 bytes into a region of size 5 [-Wformat-truncation=]
   78 | int main(void){char b[5];snprintf(b,5,"123456789");return(b[4]!='\0');}
      |                                        ~~~~~^~~~
In file included from /usr/include/stdio.h:894,
                 from conftest.c:77:
/usr/include/x86_64-linux-gnu/bits/stdio2.h:71:10: note: '__builtin_snprintf' output 10 bytes into a destination of size 5
   71 |   return __builtin___snprintf_chk (__s, __n, __USE_FORTIFY_LEVEL - 1,
      |          ^~~~~~~~~~~~~~~~~~~~~~~~~~~~~~~~~~~~~~~~~~~~~~~~~~~~~~~~~~~~
   72 |                                    __glibc_objsize (__s), __fmt,
      |                                    ~~~~~~~~~~~~~~~~~~~~~~~~~~~~~
   73 |                                    __va_arg_pack ());
      |                                    ~~~~~~~~~~~~~~~~~
configure:5095: $? = 0
configure:5095: ./conftest
configure:5095: $? = 0
configure:5096: result: yes
configure:5126: checking size of char
configure:5131: gcc -o conftest -g -O2 -Wall -march=native -D_REENTRANT -DNDEBUG   conftest.c -ldl -lrt -lm -lnsl -lpthread -lcrypto  >&5
configure:5131: $? = 0
configure:5131: ./conftest
configure:5131: $? = 0
configure:5145: result: 1
configure:5159: checking size of short int
configure:5164: gcc -o conftest -g -O2 -Wall -march=native -D_REENTRANT -DNDEBUG   conftest.c -ldl -lrt -lm -lnsl -lpthread -lcrypto  >&5
configure:5164: $? = 0
configure:5164: ./conftest
configure:5164: $? = 0
configure:5178: result: 2
configure:5192: checking size of int
configure:5197: gcc -o conftest -g -O2 -Wall -march=native -D_REENTRANT -DNDEBUG   conftest.c -ldl -lrt -lm -lnsl -lpthread -lcrypto  >&5
configure:5197: $? = 0
configure:5197: ./conftest
configure:5197: $? = 0
configure:5211: result: 4
configure:5225: checking size of long int
configure:5230: gcc -o conftest -g -O2 -Wall -march=native -D_REENTRANT -DNDEBUG   conftest.c -ldl -lrt -lm -lnsl -lpthread -lcrypto  >&5
configure:5230: $? = 0
configure:5230: ./conftest
configure:5230: $? = 0
configure:5244: result: 8
configure:5258: checking size of long long int
configure:5263: gcc -o conftest -g -O2 -Wall -march=native -D_REENTRANT -DNDEBUG   conftest.c -ldl -lrt -lm -lnsl -lpthread -lcrypto  >&5
configure:5263: $? = 0
configure:5263: ./conftest
configure:5263: $? = 0
configure:5277: result: 8
configure:5289: checking for windows arch
configure:5306: gcc -c -g -O2 -Wall -march=native -D_REENTRANT -DNDEBUG  conftest.c >&5
conftest.c:81:11: fatal error: process.h: No such file or directory
   81 |  #include <process.h>
      |           ^~~~~~~~~~~
compilation terminated.
configure:5306: $? = 1
configure: failed program was:
| /* confdefs.h */
| #define PACKAGE_NAME "Spines"
| #define PACKAGE_TARNAME "spines"
| #define PACKAGE_VERSION "5.3"
| #define PACKAGE_STRING "Spines 5.3"
| #define PACKAGE_BUGREPORT ""
| #define PACKAGE_URL ""
| #define STDC_HEADERS 1
| #define HAVE_SYS_TYPES_H 1
| #define HAVE_SYS_STAT_H 1
| #define HAVE_STDLIB_H 1
| #define HAVE_STRING_H 1
| #define HAVE_MEMORY_H 1
| #define HAVE_STRINGS_H 1
| #define HAVE_INTTYPES_H 1
| #define HAVE_STDINT_H 1
| #define HAVE_UNISTD_H 1
| #define HAVE_LIBCRYPTO 1
| #define HAVE_LIBPTHREAD 1
| #define HAVE_PTHREAD_ATFORK 1
| #define HAVE_LIBNSL 1
| #define HAVE_LIBM 1
| #define HAVE_LIBRT 1
| #define HAVE_LIBDL 1
| #define HAVE_STRFTIME 1
| #define HAVE_ARPA_INET_H 1
| #define HAVE_ASSERT_H 1
| #define HAVE_ERRNO_H 1
| #define HAVE_GRP_H 1
| #define HAVE_LIMITS_H 1
| #define HAVE_NETDB_H 1
| #define HAVE_NETINET_IN_H 1
| #define HAVE_NETINET_TCP_H 1
| #define HAVE_PTHREAD_H 1
| #define HAVE_PWD_H 1
| #define HAVE_SIGNAL_H 1
| #define HAVE_STDARG_H 1
| #define HAVE_STDINT_H 1
| #define HAVE_STDIO_H 1
| #define HAVE_STDLIB_H 1
| #define HAVE_STRING_H 1
| #define HAVE_SYS_IOCTL_H 1
| #define HAVE_SYS_PARAM_H 1
| #define HAVE_SYS_SOCKET_H 1
| #define HAVE_SYS_STAT_H 1
| #define HAVE_SYS_TIME_H 1
| #define HAVE_SYS_TIMEB_H 1
| #define HAVE_SYS_TYPES_H 1
| #define HAVE_SYS_UIO_H 1
| #define HAVE_SYS_UN_H 1
| #define HAVE_TIME_H 1
| #define HAVE_UNISTD_H 1
| #define HAVE_FEATURES_H 1
| #define HAVE_NETPACKET_PACKET_H 1
| #define HAVE_NET_ETHERNET_H 1
| #define HAVE_NET_IF_ARP_H 1
| #define HAVE_DLFCN_H 1
| #define HAVE_OPENSSL_DH_H 1
| #define HAVE_OPENSSL_ENGINE_H 1
| #define HAVE_OPENSSL_EVP_H 1
| #define HAVE_OPENSSL_HMAC_H 1
| #define HAVE_OPENSSL_PEM_H 1
| #define HAVE_OPENSSL_SHA_H 1
| #define HAVE_BCOPY 1
| #define HAVE_INET_ATON 1
| #define HAVE_INET_NTOA 1
| #define HAVE_INET_NTOP 1
| #define HAVE_MEMMOVE 1
| #define HAVE_SETSID 1
| #define HAVE_SNPRINTF 1
| #define HAVE_STRERROR 1
| #define HAVE_LRAND48 1
| #define HAVE_GETTIMEOFDAY 1
| #define HAVE_TIME 1
| #define SIZEOF_CHAR 1
| #define SIZEOF_SHORT_INT 2
| #define SIZEOF_INT 4
| #define SIZEOF_LONG_INT 8
| #define SIZEOF_LONG_LONG_INT 8
| /* end confdefs.h.  */
|  #include <process.h>
| int
| main ()
| {
|  CRITICAL_SECTION mutex; InitializeCriticalSection(mutex);
|   ;
|   return 0;
| }
configure:5315: result: no
configure:5323: checking for struct timezone type
configure:5342: gcc -c -g -O2 -Wall -march=native -D_REENTRANT -DNDEBUG  conftest.c >&5
conftest.c: In function 'main':
conftest.c:87:18: warning: unused variable 'opt' [-Wunused-variable]
   87 |  struct timezone opt;
      |                  ^~~
configure:5342: $? = 0
configure:5351: result: yes
configure:5359: checking for struct sockopt_len_t type
configure:5377: gcc -c -g -O2 -Wall -march=native -D_REENTRANT -DNDEBUG  conftest.c >&5
conftest.c: In function 'main':
conftest.c:87:9: error: unknown type name 'sockopt_len_t'
   87 |  static sockopt_len_t opt; opt=0;
      |         ^~~~~~~~~~~~~
conftest.c:87:23: warning: variable 'opt' set but not used [-Wunused-but-set-variable]
   87 |  static sockopt_len_t opt; opt=0;
      |                       ^~~
configure:5377: $? = 1
configure: failed program was:
| /* confdefs.h */
| #define PACKAGE_NAME "Spines"
| #define PACKAGE_TARNAME "spines"
| #define PACKAGE_VERSION "5.3"
| #define PACKAGE_STRING "Spines 5.3"
| #define PACKAGE_BUGREPORT ""
| #define PACKAGE_URL ""
| #define STDC_HEADERS 1
| #define HAVE_SYS_TYPES_H 1
| #define HAVE_SYS_STAT_H 1
| #define HAVE_STDLIB_H 1
| #define HAVE_STRING_H 1
| #define HAVE_MEMORY_H 1
| #define HAVE_STRINGS_H 1
| #define HAVE_INTTYPES_H 1
| #define HAVE_STDINT_H 1
| #define HAVE_UNISTD_H 1
| #define HAVE_LIBCRYPTO 1
| #define HAVE_LIBPTHREAD 1
| #define HAVE_PTHREAD_ATFORK 1
| #define HAVE_LIBNSL 1
| #define HAVE_LIBM 1
| #define HAVE_LIBRT 1
| #define HAVE_LIBDL 1
| #define HAVE_STRFTIME 1
| #define HAVE_ARPA_INET_H 1
| #define HAVE_ASSERT_H 1
| #define HAVE_ERRNO_H 1
| #define HAVE_GRP_H 1
| #define HAVE_LIMITS_H 1
| #define HAVE_NETDB_H 1
| #define HAVE_NETINET_IN_H 1
| #define HAVE_NETINET_TCP_H 1
| #define HAVE_PTHREAD_H 1
| #define HAVE_PWD_H 1
| #define HAVE_SIGNAL_H 1
| #define HAVE_STDARG_H 1
| #define HAVE_STDINT_H 1
| #define HAVE_STDIO_H 1
| #define HAVE_STDLIB_H 1
| #define HAVE_STRING_H 1
| #define HAVE_SYS_IOCTL_H 1
| #define HAVE_SYS_PARAM_H 1
| #define HAVE_SYS_SOCKET_H 1
| #define HAVE_SYS_STAT_H 1
| #define HAVE_SYS_TIME_H 1
| #define HAVE_SYS_TIMEB_H 1
| #define HAVE_SYS_TYPES_H 1
| #define HAVE_SYS_UIO_H 1
| #define HAVE_SYS_UN_H 1
| #define HAVE_TIME_H 1
| #define HAVE_UNISTD_H 1
| #define HAVE_FEATURES_H 1
| #define HAVE_NETPACKET_PACKET_H 1
| #define HAVE_NET_ETHERNET_H 1
| #define HAVE_NET_IF_ARP_H 1
| #define HAVE_DLFCN_H 1
| #define HAVE_OPENSSL_DH_H 1
| #define HAVE_OPENSSL_ENGINE_H 1
| #define HAVE_OPENSSL_EVP_H 1
| #define HAVE_OPENSSL_HMAC_H 1
| #define HAVE_OPENSSL_PEM_H 1
| #define HAVE_OPENSSL_SHA_H 1
| #define HAVE_BCOPY 1
| #define HAVE_INET_ATON 1
| #define HAVE_INET_NTOA 1
| #define HAVE_INET_NTOP 1
| #define HAVE_MEMMOVE 1
| #define HAVE_SETSID 1
| #define HAVE_SNPRINTF 1
| #define HAVE_STRERROR 1
| #define HAVE_LRAND48 1
| #define HAVE_GETTIMEOFDAY 1
| #define HAVE_TIME 1
| #define SIZEOF_CHAR 1
| #define SIZEOF_SHORT_INT 2
| #define SIZEOF_INT 4
| #define SIZEOF_LONG_INT 8
| #define SIZEOF_LONG_LONG_INT 8
| #define HAVE_STRUCT_TIMEZONE 1
| /* end confdefs.h.  */
|  #include <sys/types.h>
| 		  #include <sys/socket.h>
| int
| main ()
| {
|  static sockopt_len_t opt; opt=0;
|   ;
|   return 0;
| }
configure:5386: result: no
configure:5394: checking for struct msghdr type
configure:5412: gcc -c -g -O2 -Wall -march=native -D_REENTRANT -DNDEBUG  conftest.c >&5
conftest.c: In function 'main':
conftest.c:87:25: warning: variable 'msg' set but not used [-Wunused-but-set-variable]
   87 |  static  struct  msghdr msg; msg.msg_namelen = 1;
      |                         ^~~
configure:5412: $? = 0
configure:5421: result: yes
configure:5429: checking for struct msghdr accrights
configure:5447: gcc -c -g -O2 -Wall -march=native -D_REENTRANT -DNDEBUG  conftest.c >&5
conftest.c: In function 'main':
conftest.c:87:33: error: 'struct msghdr' has no member named 'msg_accrightslen'
   87 |  static  struct  msghdr msg; msg.msg_accrightslen = 0;
      |                                 ^
conftest.c:87:25: warning: variable 'msg' set but not used [-Wunused-but-set-variable]
   87 |  static  struct  msghdr msg; msg.msg_accrightslen = 0;
      |                         ^~~
configure:5447: $? = 1
configure: failed program was:
| /* confdefs.h */
| #define PACKAGE_NAME "Spines"
| #define PACKAGE_TARNAME "spines"
| #define PACKAGE_VERSION "5.3"
| #define PACKAGE_STRING "Spines 5.3"
| #define PACKAGE_BUGREPORT ""
| #define PACKAGE_URL ""
| #define STDC_HEADERS 1
| #define HAVE_SYS_TYPES_H 1
| #define HAVE_SYS_STAT_H 1
| #define HAVE_STDLIB_H 1
| #define HAVE_STRING_H 1
| #define HAVE_MEMORY_H 1
| #define HAVE_STRINGS_H 1
| #define HAVE_INTTYPES_H 1
| #define HAVE_STDINT_H 1
| #define HAVE_UNISTD_H 1
| #define HAVE_LIBCRYPTO 1
| #define HAVE_LIBPTHREAD 1
| #define HAVE_PTHREAD_ATFORK 1
| #define HAVE_LIBNSL 1
| #define HAVE_LIBM 1
| #define HAVE_LIBRT 1
| #define HAVE_LIBDL 1
| #define HAVE_STRFTIME 1
| #define HAVE_ARPA_INET_H 1
| #define HAVE_ASSERT_H 1
| #define HAVE_ERRNO_H 1
| #define HAVE_GRP_H 1
| #define HAVE_LIMITS_H 1
| #define HAVE_NETDB_H 1
| #define HAVE_NETINET_IN_H 1
| #define HAVE_NETINET_TCP_H 1
| #define HAVE_PTHREAD_H 1
| #define HAVE_PWD_H 1
| #define HAVE_SIGNAL_H 1
| #define HAVE_STDARG_H 1
| #define HAVE_STDINT_H 1
| #define HAVE_STDIO_H 1
| #define HAVE_STDLIB_H 1
| #define HAVE_STRING_H 1
| #define HAVE_SYS_IOCTL_H 1
| #define HAVE_SYS_PARAM_H 1
| #define HAVE_SYS_SOCKET_H 1
| #define HAVE_SYS_STAT_H 1
| #define HAVE_SYS_TIME_H 1
| #define HAVE_SYS_TIMEB_H 1
| #define HAVE_SYS_TYPES_H 1
| #define HAVE_SYS_UIO_H 1
| #define HAVE_SYS_UN_H 1
| #define HAVE_TIME_H 1
| #define HAVE_UNISTD_H 1
| #define HAVE_FEATURES_H 1
| #define HAVE_NETPACKET_PACKET_H 1
| #define HAVE_NET_ETHERNET_H 1
| #define HAVE_NET_IF_ARP_H 1
| #define HAVE_DLFCN_H 1
| #define HAVE_OPENSSL_DH_H 1
| #define HAVE_OPENSSL_ENGINE_H 1
| #define HAVE_OPENSSL_EVP_H 1
| #define HAVE_OPENSSL_HMAC_H 1
| #define HAVE_OPENSSL_PEM_H 1
| #define HAVE_OPENSSL_SHA_H 1
| #define HAVE_BCOPY 1
| #define HAVE_INET_ATON 1
| #define HAVE_INET_NTOA 1
| #define HAVE_INET_NTOP 1
| #define HAVE_MEMMOVE 1
| #define HAVE_SETSID 1
| #define HAVE_SNPRINTF 1
| #define HAVE_STRERROR 1
| #define HAVE_LRAND48 1
| #define HAVE_GETTIMEOFDAY 1
| #define HAVE_TIME 1
| #define SIZEOF_CHAR 1
| #define SIZEOF_SHORT_INT 2
| #define SIZEOF_INT 4
| #define SIZEOF_LONG_INT 8
| #define SIZEOF_LONG_LONG_INT 8
| #define HAVE_STRUCT_TIMEZONE 1
| /* end confdefs.h.  */
|  #include <sys/types.h>
| 		  #include <sys/socket.h>
| int
| main ()
| {
|  static  struct  msghdr msg; msg.msg_accrightslen = 0;
|   ;
|   return 0;
| }
configure:5456: result: no
configure:5465: checking for struct msghdr control
configure:5483: gcc -c -g -O2 -Wall -march=native -D_REENTRANT -DNDEBUG  conftest.c >&5
conftest.c: In function 'main':
conftest.c:87:25: warning: variable 'msg' set but not used [-Wunused-but-set-variable]
   87 |  static  struct  msghdr msg; msg.msg_controllen = 0;
      |                         ^~~
configure:5483: $? = 0
configure:5492: result: yes
configure:5506: checking for u_int type
configure:5523: gcc -c -g -O2 -Wall -march=native -D_REENTRANT -DNDEBUG  conftest.c >&5
conftest.c: In function 'main':
conftest.c:87:8: warning: variable 'a' set but not used [-Wunused-but-set-variable]
   87 |  u_int a; a = 1;
      |        ^
configure:5523: $? = 0
configure:5532: result: yes
configure:5541: checking for intXX_t types
configure:5558: gcc -c -g -O2 -Wall -march=native -D_REENTRANT -DNDEBUG  conftest.c >&5
conftest.c: In function 'main':
conftest.c:88:9: warning: variable 'a' set but not used [-Wunused-but-set-variable]
   88 |  int8_t a; int16_t b; int32_t c; a = b = c = 1;
      |         ^
configure:5558: $? = 0
configure:5567: result: yes
configure:5576: checking for int64_t type
configure:5593: gcc -c -g -O2 -Wall -march=native -D_REENTRANT -DNDEBUG  conftest.c >&5
conftest.c: In function 'main':
conftest.c:89:10: warning: variable 'a' set but not used [-Wunused-but-set-variable]
   89 |  int64_t a; a = 1;
      |          ^
configure:5593: $? = 0
configure:5602: result: yes
configure:5611: checking for u_intXX_t types
configure:5628: gcc -c -g -O2 -Wall -march=native -D_REENTRANT -DNDEBUG  conftest.c >&5
conftest.c: In function 'main':
conftest.c:90:11: warning: variable 'a' set but not used [-Wunused-but-set-variable]
   90 |  u_int8_t a; u_int16_t b; u_int32_t c; a = b = c = 1;
      |           ^
configure:5628: $? = 0
configure:5637: result: yes
configure:5646: checking for u_int64_t types
configure:5663: gcc -c -g -O2 -Wall -march=native -D_REENTRANT -DNDEBUG  conftest.c >&5
conftest.c: In function 'main':
conftest.c:91:12: warning: variable 'a' set but not used [-Wunused-but-set-variable]
   91 |  u_int64_t a; a = 1;
      |            ^
configure:5663: $? = 0
configure:5672: result: yes
configure:5758: checking for socklen_t
configure:5778: gcc -c -g -O2 -Wall -march=native -D_REENTRANT -DNDEBUG  conftest.c >&5
conftest.c: In function 'main':
conftest.c:95:11: warning: variable 'foo' set but not used [-Wunused-but-set-variable]
   95 | socklen_t foo; foo = 1235;
      |           ^~~
configure:5778: $? = 0
configure:5787: result: yes
configure:5795: checking for size_t
configure:5814: gcc -c -g -O2 -Wall -march=native -D_REENTRANT -DNDEBUG  conftest.c >&5
conftest.c: In function 'main':
conftest.c:95:9: warning: variable 'foo' set but not used [-Wunused-but-set-variable]
   95 |  size_t foo; foo = 1235;
      |         ^~~
configure:5814: $? = 0
configure:5823: result: yes
configure:5831: checking for ssize_t
configure:5850: gcc -c -g -O2 -Wall -march=native -D_REENTRANT -DNDEBUG  conftest.c >&5
conftest.c: In function 'main':
conftest.c:96:10: warning: variable 'foo' set but not used [-Wunused-but-set-variable]
   96 |  ssize_t foo; foo = 1235;
      |          ^~~
configure:5850: $? = 0
configure:5859: result: yes
configure:5867: checking for clock_t
configure:5886: gcc -c -g -O2 -Wall -march=native -D_REENTRANT -DNDEBUG  conftest.c >&5
conftest.c: In function 'main':
conftest.c:97:10: warning: variable 'foo' set but not used [-Wunused-but-set-variable]
   97 |  clock_t foo; foo = 1235;
      |          ^~~
configure:5886: $? = 0
configure:5895: result: yes
configure:5903: checking for sa_family_t
configure:5923: gcc -c -g -O2 -Wall -march=native -D_REENTRANT -DNDEBUG  conftest.c >&5
conftest.c: In function 'main':
conftest.c:99:14: warning: variable 'foo' set but not used [-Wunused-but-set-variable]
   99 |  sa_family_t foo; foo = 1235;
      |              ^~~
configure:5923: $? = 0
configure:5953: result: yes
configure:5962: checking for struct sockaddr_storage
configure:5982: gcc -c -g -O2 -Wall -march=native -D_REENTRANT -DNDEBUG  conftest.c >&5
conftest.c: In function 'main':
conftest.c:100:26: warning: unused variable 's' [-Wunused-variable]
  100 |  struct sockaddr_storage s;
      |                          ^
configure:5982: $? = 0
configure:5991: result: yes
configure:5999: checking for struct sockaddr_in6
configure:6019: gcc -c -g -O2 -Wall -march=native -D_REENTRANT -DNDEBUG  conftest.c >&5
conftest.c: In function 'main':
conftest.c:101:22: warning: variable 's' set but not used [-Wunused-but-set-variable]
  101 |  struct sockaddr_in6 s; s.sin6_family = 0;
      |                      ^
configure:6019: $? = 0
configure:6028: result: yes
configure:6036: checking for struct in6_addr
configure:6056: gcc -c -g -O2 -Wall -march=native -D_REENTRANT -DNDEBUG  conftest.c >&5
conftest.c: In function 'main':
conftest.c:102:18: warning: variable 's' set but not used [-Wunused-but-set-variable]
  102 |  struct in6_addr s; s.s6_addr[0] = 0;
      |                  ^
configure:6056: $? = 0
configure:6065: result: yes
configure:6073: checking for struct addrinfo
configure:6094: gcc -c -g -O2 -Wall -march=native -D_REENTRANT -DNDEBUG  conftest.c >&5
conftest.c: In function 'main':
conftest.c:104:18: warning: variable 's' set but not used [-Wunused-but-set-variable]
  104 |  struct addrinfo s; s.ai_flags = AI_PASSIVE;
      |                  ^
configure:6094: $? = 0
configure:6103: result: yes
configure:6111: checking for struct timeval
configure:6128: gcc -c -g -O2 -Wall -march=native -D_REENTRANT -DNDEBUG  conftest.c >&5
conftest.c: In function 'main':
conftest.c:101:17: warning: variable 'tv' set but not used [-Wunused-but-set-variable]
  101 |  struct timeval tv; tv.tv_sec = 1;
      |                 ^~
configure:6128: $? = 0
configure:6137: result: yes
configure:6146: checking for sun_len field in struct sockaddr_un
configure:6166: gcc -c -g -O2 -Wall -march=native -D_REENTRANT -DNDEBUG  conftest.c >&5
conftest.c: In function 'main':
conftest.c:105:21: error: storage size of 's' isn't known
  105 |  struct sockaddr_un s; s.sun_len = 1;
      |                     ^
conftest.c:105:21: warning: unused variable 's' [-Wunused-variable]
configure:6166: $? = 1
configure: failed program was:
| /* confdefs.h */
| #define PACKAGE_NAME "Spines"
| #define PACKAGE_TARNAME "spines"
| #define PACKAGE_VERSION "5.3"
| #define PACKAGE_STRING "Spines 5.3"
| #define PACKAGE_BUGREPORT ""
| #define PACKAGE_URL ""
| #define STDC_HEADERS 1
| #define HAVE_SYS_TYPES_H 1
| #define HAVE_SYS_STAT_H 1
| #define HAVE_STDLIB_H 1
| #define HAVE_STRING_H 1
| #define HAVE_MEMORY_H 1
| #define HAVE_STRINGS_H 1
| #define HAVE_INTTYPES_H 1
| #define HAVE_STDINT_H 1
| #define HAVE_UNISTD_H 1
| #define HAVE_LIBCRYPTO 1
| #define HAVE_LIBPTHREAD 1
| #define HAVE_PTHREAD_ATFORK 1
| #define HAVE_LIBNSL 1
| #define HAVE_LIBM 1
| #define HAVE_LIBRT 1
| #define HAVE_LIBDL 1
| #define HAVE_STRFTIME 1
| #define HAVE_ARPA_INET_H 1
| #define HAVE_ASSERT_H 1
| #define HAVE_ERRNO_H 1
| #define HAVE_GRP_H 1
| #define HAVE_LIMITS_H 1
| #define HAVE_NETDB_H 1
| #define HAVE_NETINET_IN_H 1
| #define HAVE_NETINET_TCP_H 1
| #define HAVE_PTHREAD_H 1
| #define HAVE_PWD_H 1
| #define HAVE_SIGNAL_H 1
| #define HAVE_STDARG_H 1
| #define HAVE_STDINT_H 1
| #define HAVE_STDIO_H 1
| #define HAVE_STDLIB_H 1
| #define HAVE_STRING_H 1
| #define HAVE_SYS_IOCTL_H 1
| #define HAVE_SYS_PARAM_H 1
| #define HAVE_SYS_SOCKET_H 1
| #define HAVE_SYS_STAT_H 1
| #define HAVE_SYS_TIME_H 1
| #define HAVE_SYS_TIMEB_H 1
| #define HAVE_SYS_TYPES_H 1
| #define HAVE_SYS_UIO_H 1
| #define HAVE_SYS_UN_H 1
| #define HAVE_TIME_H 1
| #define HAVE_UNISTD_H 1
| #define HAVE_FEATURES_H 1
| #define HAVE_NETPACKET_PACKET_H 1
| #define HAVE_NET_ETHERNET_H 1
| #define HAVE_NET_IF_ARP_H 1
| #define HAVE_DLFCN_H 1
| #define HAVE_OPENSSL_DH_H 1
| #define HAVE_OPENSSL_ENGINE_H 1
| #define HAVE_OPENSSL_EVP_H 1
| #define HAVE_OPENSSL_HMAC_H 1
| #define HAVE_OPENSSL_PEM_H 1
| #define HAVE_OPENSSL_SHA_H 1
| #define HAVE_BCOPY 1
| #define HAVE_INET_ATON 1
| #define HAVE_INET_NTOA 1
| #define HAVE_INET_NTOP 1
| #define HAVE_MEMMOVE 1
| #define HAVE_SETSID 1
| #define HAVE_SNPRINTF 1
| #define HAVE_STRERROR 1
| #define HAVE_LRAND48 1
| #define HAVE_GETTIMEOFDAY 1
| #define HAVE_TIME 1
| #define SIZEOF_CHAR 1
| #define SIZEOF_SHORT_INT 2
| #define SIZEOF_INT 4
| #define SIZEOF_LONG_INT 8
| #define SIZEOF_LONG_LONG_INT 8
| #define HAVE_STRUCT_TIMEZONE 1
| #define ARCH_SCATTER_CONTROL 1
| #define HAVE_U_INT 1
| #define HAVE_INTXX_T 1
| #define HAVE_INT64_T 1
| #define HAVE_U_INTXX_T 1
| #define HAVE_U_INT64_T 1
| #define HAVE_SOCKLEN_T 1
| #define HAVE_SIZE_T 1
| #define HAVE_SSIZE_T 1
| #define HAVE_CLOCK_T 1
| #define HAVE_SA_FAMILY_T 1
| #define HAVE_STRUCT_SOCKADDR_STORAGE 1
| #define HAVE_STRUCT_SOCKADDR_IN6 1
| #define HAVE_STRUCT_IN6_ADDR 1
| #define HAVE_STRUCT_ADDRINFO 1
| #define HAVE_STRUCT_TIMEVAL 1
| /* end confdefs.h.  */
| 
| #include <sys/types.h>
| #include <sys/socket.h>
| 
| int
| main ()
| {
|  struct sockaddr_un s; s.sun_len = 1;
|   ;
|   return 0;
| }
configure:6174: result: no
configure:6182: checking for sin_len field in sockaddr_in
configure:6203: gcc -c -g -O2 -Wall -march=native -D_REENTRANT -DNDEBUG  conftest.c >&5
conftest.c: In function 'main':
conftest.c:106:25: error: 'struct sockaddr_in' has no member named 'sin_len'
  106 |  struct sockaddr_in s; s.sin_len = sizeof(s);
      |                         ^
configure:6203: $? = 1
configure: failed program was:
| /* confdefs.h */
| #define PACKAGE_NAME "Spines"
| #define PACKAGE_TARNAME "spines"
| #define PACKAGE_VERSION "5.3"
| #define PACKAGE_STRING "Spines 5.3"
| #define PACKAGE_BUGREPORT ""
| #define PACKAGE_URL ""
| #define STDC_HEADERS 1
| #define HAVE_SYS_TYPES_H 1
| #define HAVE_SYS_STAT_H 1
| #define HAVE_STDLIB_H 1
| #define HAVE_STRING_H 1
| #define HAVE_MEMORY_H 1
| #define HAVE_STRINGS_H 1
| #define HAVE_INTTYPES_H 1
| #define HAVE_STDINT_H 1
| #define HAVE_UNISTD_H 1
| #define HAVE_LIBCRYPTO 1
| #define HAVE_LIBPTHREAD 1
| #define HAVE_PTHREAD_ATFORK 1
| #define HAVE_LIBNSL 1
| #define HAVE_LIBM 1
| #define HAVE_LIBRT 1
| #define HAVE_LIBDL 1
| #define HAVE_STRFTIME 1
| #define HAVE_ARPA_INET_H 1
| #define HAVE_ASSERT_H 1
| #define HAVE_ERRNO_H 1
| #define HAVE_GRP_H 1
| #define HAVE_LIMITS_H 1
| #define HAVE_NETDB_H 1
| #define HAVE_NETINET_IN_H 1
| #define HAVE_NETINET_TCP_H 1
| #define HAVE_PTHREAD_H 1
| #define HAVE_PWD_H 1
| #define HAVE_SIGNAL_H 1
| #define HAVE_STDARG_H 1
| #define HAVE_STDINT_H 1
| #define HAVE_STDIO_H 1
| #define HAVE_STDLIB_H 1
| #define HAVE_STRING_H 1
| #define HAVE_SYS_IOCTL_H 1
| #define HAVE_SYS_PARAM_H 1
| #define HAVE_SYS_SOCKET_H 1
| #define HAVE_SYS_STAT_H 1
| #define HAVE_SYS_TIME_H 1
| #define HAVE_SYS_TIMEB_H 1
| #define HAVE_SYS_TYPES_H 1
| #define HAVE_SYS_UIO_H 1
| #define HAVE_SYS_UN_H 1
| #define HAVE_TIME_H 1
| #define HAVE_UNISTD_H 1
| #define HAVE_FEATURES_H 1
| #define HAVE_NETPACKET_PACKET_H 1
| #define HAVE_NET_ETHERNET_H 1
| #define HAVE_NET_IF_ARP_H 1
| #define HAVE_DLFCN_H 1
| #define HAVE_OPENSSL_DH_H 1
| #define HAVE_OPENSSL_ENGINE_H 1
| #define HAVE_OPENSSL_EVP_H 1
| #define HAVE_OPENSSL_HMAC_H 1
| #define HAVE_OPENSSL_PEM_H 1
| #define HAVE_OPENSSL_SHA_H 1
| #define HAVE_BCOPY 1
| #define HAVE_INET_ATON 1
| #define HAVE_INET_NTOA 1
| #define HAVE_INET_NTOP 1
| #define HAVE_MEMMOVE 1
| #define HAVE_SETSID 1
| #define HAVE_SNPRINTF 1
| #define HAVE_STRERROR 1
| #define HAVE_LRAND48 1
| #define HAVE_GETTIMEOFDAY 1
| #define HAVE_TIME 1
| #define SIZEOF_CHAR 1
| #define SIZEOF_SHORT_INT 2
| #define SIZEOF_INT 4
| #define SIZEOF_LONG_INT 8
| #define SIZEOF_LONG_LONG_INT 8
| #define HAVE_STRUCT_TIMEZONE 1
| #define ARCH_SCATTER_CONTROL 1
| #define HAVE_U_INT 1
| #define HAVE_INTXX_T 1
| #define HAVE_INT64_T 1
| #define HAVE_U_INTXX_T 1
| #define HAVE_U_INT64_T 1
| #define HAVE_SOCKLEN_T 1
| #define HAVE_SIZE_T 1
| #define HAVE_SSIZE_T 1
| #define HAVE_CLOCK_T 1
| #define HAVE_SA_FAMILY_T 1
| #define HAVE_STRUCT_SOCKADDR_STORAGE 1
| #define HAVE_STRUCT_SOCKADDR_IN6 1
| #define HAVE_STRUCT_IN6_ADDR 1
| #define HAVE_STRUCT_ADDRINFO 1
| #define HAVE_STRUCT_TIMEVAL 1
| /* end confdefs.h.  */
| 
| #include <sys/types.h>
| #include <sys/socket.h>
| #include <netinet/in.h>
| 
| int
| main ()
| {
|  struct sockaddr_in s; s.sin_len = sizeof(s);
|   ;
|   return 0;
| }
configure:6211: result: no
configure:6219: checking for ss_family field in struct sockaddr_storage
configure:6239: gcc -c -g -O2 -Wall -march=native -D_REENTRANT -DNDEBUG  conftest.c >&5
conftest.c: In function 'main':
conftest.c:105:26: warning: variable 's' set but not used [-Wunused-but-set-variable]
  105 |  struct sockaddr_storage s; s.ss_family = 1;
      |                          ^
configure:6239: $? = 0
configure:6247: result: yes
configure:6255: checking for __ss_family field in struct sockaddr_storage
configure:6275: gcc -c -g -O2 -Wall -march=native -D_REENTRANT -DNDEBUG  conftest.c >&5
conftest.c: In function 'main':
conftest.c:106:31: error: 'struct sockaddr_storage' has no member named '__ss_family'; did you mean 'ss_family'?
  106 |  struct sockaddr_storage s; s.__ss_family = 1;
      |                               ^~~~~~~~~~~
      |                               ss_family
conftest.c:106:26: warning: variable 's' set but not used [-Wunused-but-set-variable]
  106 |  struct sockaddr_storage s; s.__ss_family = 1;
      |                          ^
configure:6275: $? = 1
configure: failed program was:
| /* confdefs.h */
| #define PACKAGE_NAME "Spines"
| #define PACKAGE_TARNAME "spines"
| #define PACKAGE_VERSION "5.3"
| #define PACKAGE_STRING "Spines 5.3"
| #define PACKAGE_BUGREPORT ""
| #define PACKAGE_URL ""
| #define STDC_HEADERS 1
| #define HAVE_SYS_TYPES_H 1
| #define HAVE_SYS_STAT_H 1
| #define HAVE_STDLIB_H 1
| #define HAVE_STRING_H 1
| #define HAVE_MEMORY_H 1
| #define HAVE_STRINGS_H 1
| #define HAVE_INTTYPES_H 1
| #define HAVE_STDINT_H 1
| #define HAVE_UNISTD_H 1
| #define HAVE_LIBCRYPTO 1
| #define HAVE_LIBPTHREAD 1
| #define HAVE_PTHREAD_ATFORK 1
| #define HAVE_LIBNSL 1
| #define HAVE_LIBM 1
| #define HAVE_LIBRT 1
| #define HAVE_LIBDL 1
| #define HAVE_STRFTIME 1
| #define HAVE_ARPA_INET_H 1
| #define HAVE_ASSERT_H 1
| #define HAVE_ERRNO_H 1
| #define HAVE_GRP_H 1
| #define HAVE_LIMITS_H 1
| #define HAVE_NETDB_H 1
| #define HAVE_NETINET_IN_H 1
| #define HAVE_NETINET_TCP_H 1
| #define HAVE_PTHREAD_H 1
| #define HAVE_PWD_H 1
| #define HAVE_SIGNAL_H 1
| #define HAVE_STDARG_H 1
| #define HAVE_STDINT_H 1
| #define HAVE_STDIO_H 1
| #define HAVE_STDLIB_H 1
| #define HAVE_STRING_H 1
| #define HAVE_SYS_IOCTL_H 1
| #define HAVE_SYS_PARAM_H 1
| #define HAVE_SYS_SOCKET_H 1
| #define HAVE_SYS_STAT_H 1
| #define HAVE_SYS_TIME_H 1
| #define HAVE_SYS_TIMEB_H 1
| #define HAVE_SYS_TYPES_H 1
| #define HAVE_SYS_UIO_H 1
| #define HAVE_SYS_UN_H 1
| #define HAVE_TIME_H 1
| #define HAVE_UNISTD_H 1
| #define HAVE_FEATURES_H 1
| #define HAVE_NETPACKET_PACKET_H 1
| #define HAVE_NET_ETHERNET_H 1
| #define HAVE_NET_IF_ARP_H 1
| #define HAVE_DLFCN_H 1
| #define HAVE_OPENSSL_DH_H 1
| #define HAVE_OPENSSL_ENGINE_H 1
| #define HAVE_OPENSSL_EVP_H 1
| #define HAVE_OPENSSL_HMAC_H 1
| #define HAVE_OPENSSL_PEM_H 1
| #define HAVE_OPENSSL_SHA_H 1
| #define HAVE_BCOPY 1
| #define HAVE_INET_ATON 1
| #define HAVE_INET_NTOA 1
| #define HAVE_INET_NTOP 1
| #define HAVE_MEMMOVE 1
| #define HAVE_SETSID 1
| #define HAVE_SNPRINTF 1
| #define HAVE_STRERROR 1
| #define HAVE_LRAND48 1
| #define HAVE_GETTIMEOFDAY 1
| #define HAVE_TIME 1
| #define SIZEOF_CHAR 1
| #define SIZEOF_SHORT_INT 2
| #define SIZEOF_INT 4
| #define SIZEOF_LONG_INT 8
| #define SIZEOF_LONG_LONG_INT 8
| #define HAVE_STRUCT_TIMEZONE 1
| #define ARCH_SCATTER_CONTROL 1
| #define HAVE_U_INT 1
| #define HAVE_INTXX_T 1
| #define HAVE_INT64_T 1
| #define HAVE_U_INTXX_T 1
| #define HAVE_U_INT64_T 1
| #define HAVE_SOCKLEN_T 1
| #define HAVE_SIZE_T 1
| #define HAVE_SSIZE_T 1
| #define HAVE_CLOCK_T 1
| #define HAVE_SA_FAMILY_T 1
| #define HAVE_STRUCT_SOCKADDR_STORAGE 1
| #define HAVE_STRUCT_SOCKADDR_IN6 1
| #define HAVE_STRUCT_IN6_ADDR 1
| #define HAVE_STRUCT_ADDRINFO 1
| #define HAVE_STRUCT_TIMEVAL 1
| #define HAVE_SS_FAMILY_IN_SS 1
| /* end confdefs.h.  */
| 
| #include <sys/types.h>
| #include <sys/socket.h>
| 
| int
| main ()
| {
|  struct sockaddr_storage s; s.__ss_family = 1;
|   ;
|   return 0;
| }
configure:6284: result: no
configure:6292: checking for pid_t
configure:6311: gcc -c -g -O2 -Wall -march=native -D_REENTRANT -DNDEBUG  conftest.c >&5
conftest.c: In function 'main':
conftest.c:105:8: warning: variable 'foo' set but not used [-Wunused-but-set-variable]
  105 |  pid_t foo; foo = 1235;
      |        ^~~
configure:6311: $? = 0
configure:6320: result: yes
configure:6328: checking if libc defines __progname
configure:6345: gcc -o conftest -g -O2 -Wall -march=native -D_REENTRANT -DNDEBUG   conftest.c -ldl -lrt -lm -lnsl -lpthread -lcrypto  >&5
conftest.c: In function 'main':
conftest.c:104:27: warning: implicit declaration of function 'printf' [-Wimplicit-function-declaration]
  104 |  extern char *__progname; printf("%s", __progname);
      |                           ^~~~~~
conftest.c:1:1: note: include '<stdio.h>' or provide a declaration of 'printf'
    1 | /* confdefs.h */
conftest.c:104:27: warning: incompatible implicit declaration of built-in function 'printf' [-Wbuiltin-declaration-mismatch]
  104 |  extern char *__progname; printf("%s", __progname);
      |                           ^~~~~~
conftest.c:104:27: note: include '<stdio.h>' or provide a declaration of 'printf'
configure:6345: $? = 0
configure:6355: result: yes
configure:6364: checking if libc defines sys_errlist
configure:6381: gcc -o conftest -g -O2 -Wall -march=native -D_REENTRANT -DNDEBUG   conftest.c -ldl -lrt -lm -lnsl -lpthread -lcrypto  >&5
conftest.c: In function 'main':
conftest.c:105:42: warning: implicit declaration of function 'printf' [-Wimplicit-function-declaration]
  105 |  extern const char *const sys_errlist[]; printf("%s", sys_errlist[0]);
      |                                          ^~~~~~
conftest.c:1:1: note: include '<stdio.h>' or provide a declaration of 'printf'
    1 | /* confdefs.h */
conftest.c:105:42: warning: incompatible implicit declaration of built-in function 'printf' [-Wbuiltin-declaration-mismatch]
  105 |  extern const char *const sys_errlist[]; printf("%s", sys_errlist[0]);
      |                                          ^~~~~~
conftest.c:105:42: note: include '<stdio.h>' or provide a declaration of 'printf'
/usr/bin/ld: /tmp/ccB8hFoG.o: warning: relocation against `sys_errlist' in read-only section `.text.startup'
/usr/bin/ld: /tmp/ccB8hFoG.o: in function `main':
/root/cs2910/prime/spines/conftest.c:105: undefined reference to `sys_errlist'
/usr/bin/ld: warning: creating DT_TEXTREL in a PIE
collect2: error: ld returned 1 exit status
configure:6381: $? = 1
configure: failed program was:
| /* confdefs.h */
| #define PACKAGE_NAME "Spines"
| #define PACKAGE_TARNAME "spines"
| #define PACKAGE_VERSION "5.3"
| #define PACKAGE_STRING "Spines 5.3"
| #define PACKAGE_BUGREPORT ""
| #define PACKAGE_URL ""
| #define STDC_HEADERS 1
| #define HAVE_SYS_TYPES_H 1
| #define HAVE_SYS_STAT_H 1
| #define HAVE_STDLIB_H 1
| #define HAVE_STRING_H 1
| #define HAVE_MEMORY_H 1
| #define HAVE_STRINGS_H 1
| #define HAVE_INTTYPES_H 1
| #define HAVE_STDINT_H 1
| #define HAVE_UNISTD_H 1
| #define HAVE_LIBCRYPTO 1
| #define HAVE_LIBPTHREAD 1
| #define HAVE_PTHREAD_ATFORK 1
| #define HAVE_LIBNSL 1
| #define HAVE_LIBM 1
| #define HAVE_LIBRT 1
| #define HAVE_LIBDL 1
| #define HAVE_STRFTIME 1
| #define HAVE_ARPA_INET_H 1
| #define HAVE_ASSERT_H 1
| #define HAVE_ERRNO_H 1
| #define HAVE_GRP_H 1
| #define HAVE_LIMITS_H 1
| #define HAVE_NETDB_H 1
| #define HAVE_NETINET_IN_H 1
| #define HAVE_NETINET_TCP_H 1
| #define HAVE_PTHREAD_H 1
| #define HAVE_PWD_H 1
| #define HAVE_SIGNAL_H 1
| #define HAVE_STDARG_H 1
| #define HAVE_STDINT_H 1
| #define HAVE_STDIO_H 1
| #define HAVE_STDLIB_H 1
| #define HAVE_STRING_H 1
| #define HAVE_SYS_IOCTL_H 1
| #define HAVE_SYS_PARAM_H 1
| #define HAVE_SYS_SOCKET_H 1
| #define HAVE_SYS_STAT_H 1
| #define HAVE_SYS_TIME_H 1
| #define HAVE_SYS_TIMEB_H 1
| #define HAVE_SYS_TYPES_H 1
| #define HAVE_SYS_UIO_H 1
| #define HAVE_SYS_UN_H 1
| #define HAVE_TIME_H 1
| #define HAVE_UNISTD_H 1
| #define HAVE_FEATURES_H 1
| #define HAVE_NETPACKET_PACKET_H 1
| #define HAVE_NET_ETHERNET_H 1
| #define HAVE_NET_IF_ARP_H 1
| #define HAVE_DLFCN_H 1
| #define HAVE_OPENSSL_DH_H 1
| #define HAVE_OPENSSL_ENGINE_H 1
| #define HAVE_OPENSSL_EVP_H 1
| #define HAVE_OPENSSL_HMAC_H 1
| #define HAVE_OPENSSL_PEM_H 1
| #define HAVE_OPENSSL_SHA_H 1
| #define HAVE_BCOPY 1
| #define HAVE_INET_ATON 1
| #define HAVE_INET_NTOA 1
| #define HAVE_INET_NTOP 1
| #define HAVE_MEMMOVE 1
| #define HAVE_SETSID 1
| #define HAVE_SNPRINTF 1
| #define HAVE_STRERROR 1
| #define HAVE_LRAND48 1
| #define HAVE_GETTIMEOFDAY 1
| #define HAVE_TIME 1
| #define SIZEOF_CHAR 1
| #define SIZEOF_SHORT_INT 2
| #define SIZEOF_INT 4
| #define SIZEOF_LONG_INT 8
| #define SIZEOF_LONG_LONG_INT 8
| #define HAVE_STRUCT_TIMEZONE 1
| #define ARCH_SCATTER_CONTROL 1
| #define HAVE_U_INT 1
| #define HAVE_INTXX_T 1
| #define HAVE_INT64_T 1
| #define HAVE_U_INTXX_T 1
| #define HAVE_U_INT64_T 1
| #define HAVE_SOCKLEN_T 1
| #define HAVE_SIZE_T 1
| #define HAVE_SSIZE_T 1
| #define HAVE_CLOCK_T 1
| #define HAVE_SA_FAMILY_T 1
| #define HAVE_STRUCT_SOCKADDR_STORAGE 1
| #define HAVE_STRUCT_SOCKADDR_IN6 1
| #define HAVE_STRUCT_IN6_ADDR 1
| #define HAVE_STRUCT_ADDRINFO 1
| #define HAVE_STRUCT_TIMEVAL 1
| #define HAVE_SS_FAMILY_IN_SS 1
| #define HAVE_PID_T 1
| #define HAVE___PROGNAME 1
| /* end confdefs.h.  */
| 
| int
| main ()
| {
|  extern const char *const sys_errlist[]; printf("%s", sys_errlist[0]);
|   ;
|   return 0;
| }
configure:6391: result: no
configure:6400: checking if libc defines sys_nerr
configure:6417: gcc -o conftest -g -O2 -Wall -march=native -D_REENTRANT -DNDEBUG   conftest.c -ldl -lrt -lm -lnsl -lpthread -lcrypto  >&5
conftest.c: In function 'main':
conftest.c:105:23: warning: implicit declaration of function 'printf' [-Wimplicit-function-declaration]
  105 |  extern int sys_nerr; printf("%i", sys_nerr);
      |                       ^~~~~~
conftest.c:1:1: note: include '<stdio.h>' or provide a declaration of 'printf'
    1 | /* confdefs.h */
conftest.c:105:23: warning: incompatible implicit declaration of built-in function 'printf' [-Wbuiltin-declaration-mismatch]
  105 |  extern int sys_nerr; printf("%i", sys_nerr);
      |                       ^~~~~~
conftest.c:105:23: note: include '<stdio.h>' or provide a declaration of 'printf'
/usr/bin/ld: /tmp/ccdpR9aV.o: warning: relocation against `sys_nerr' in read-only section `.text.startup'
/usr/bin/ld: /tmp/ccdpR9aV.o: in function `main':
/root/cs2910/prime/spines/conftest.c:105: undefined reference to `sys_nerr'
/usr/bin/ld: warning: creating DT_TEXTREL in a PIE
collect2: error: ld returned 1 exit status
configure:6417: $? = 1
configure: failed program was:
| /* confdefs.h */
| #define PACKAGE_NAME "Spines"
| #define PACKAGE_TARNAME "spines"
| #define PACKAGE_VERSION "5.3"
| #define PACKAGE_STRING "Spines 5.3"
| #define PACKAGE_BUGREPORT ""
| #define PACKAGE_URL ""
| #define STDC_HEADERS 1
| #define HAVE_SYS_TYPES_H 1
| #define HAVE_SYS_STAT_H 1
| #define HAVE_STDLIB_H 1
| #define HAVE_STRING_H 1
| #define HAVE_MEMORY_H 1
| #define HAVE_STRINGS_H 1
| #define HAVE_INTTYPES_H 1
| #define HAVE_STDINT_H 1
| #define HAVE_UNISTD_H 1
| #define HAVE_LIBCRYPTO 1
| #define HAVE_LIBPTHREAD 1
| #define HAVE_PTHREAD_ATFORK 1
| #define HAVE_LIBNSL 1
| #define HAVE_LIBM 1
| #define HAVE_LIBRT 1
| #define HAVE_LIBDL 1
| #define HAVE_STRFTIME 1
| #define HAVE_ARPA_INET_H 1
| #define HAVE_ASSERT_H 1
| #define HAVE_ERRNO_H 1
| #define HAVE_GRP_H 1
| #define HAVE_LIMITS_H 1
| #define HAVE_NETDB_H 1
| #define HAVE_NETINET_IN_H 1
| #define HAVE_NETINET_TCP_H 1
| #define HAVE_PTHREAD_H 1
| #define HAVE_PWD_H 1
| #define HAVE_SIGNAL_H 1
| #define HAVE_STDARG_H 1
| #define HAVE_STDINT_H 1
| #define HAVE_STDIO_H 1
| #define HAVE_STDLIB_H 1
| #define HAVE_STRING_H 1
| #define HAVE_SYS_IOCTL_H 1
| #define HAVE_SYS_PARAM_H 1
| #define HAVE_SYS_SOCKET_H 1
| #define HAVE_SYS_STAT_H 1
| #define HAVE_SYS_TIME_H 1
| #define HAVE_SYS_TIMEB_H 1
| #define HAVE_SYS_TYPES_H 1
| #define HAVE_SYS_UIO_H 1
| #define HAVE_SYS_UN_H 1
| #define HAVE_TIME_H 1
| #define HAVE_UNISTD_H 1
| #define HAVE_FEATURES_H 1
| #define HAVE_NETPACKET_PACKET_H 1
| #define HAVE_NET_ETHERNET_H 1
| #define HAVE_NET_IF_ARP_H 1
| #define HAVE_DLFCN_H 1
| #define HAVE_OPENSSL_DH_H 1
| #define HAVE_OPENSSL_ENGINE_H 1
| #define HAVE_OPENSSL_EVP_H 1
| #define HAVE_OPENSSL_HMAC_H 1
| #define HAVE_OPENSSL_PEM_H 1
| #define HAVE_OPENSSL_SHA_H 1
| #define HAVE_BCOPY 1
| #define HAVE_INET_ATON 1
| #define HAVE_INET_NTOA 1
| #define HAVE_INET_NTOP 1
| #define HAVE_MEMMOVE 1
| #define HAVE_SETSID 1
| #define HAVE_SNPRINTF 1
| #define HAVE_STRERROR 1
| #define HAVE_LRAND48 1
| #define HAVE_GETTIMEOFDAY 1
| #define HAVE_TIME 1
| #define SIZEOF_CHAR 1
| #define SIZEOF_SHORT_INT 2
| #define SIZEOF_INT 4
| #define SIZEOF_LONG_INT 8
| #define SIZEOF_LONG_LONG_INT 8
| #define HAVE_STRUCT_TIMEZONE 1
| #define ARCH_SCATTER_CONTROL 1
| #define HAVE_U_INT 1
| #define HAVE_INTXX_T 1
| #define HAVE_INT64_T 1
| #define HAVE_U_INTXX_T 1
| #define HAVE_U_INT64_T 1
| #define HAVE_SOCKLEN_T 1
| #define HAVE_SIZE_T 1
| #define HAVE_SSIZE_T 1
| #define HAVE_CLOCK_T 1
| #define HAVE_SA_FAMILY_T 1
| #define HAVE_STRUCT_SOCKADDR_STORAGE 1
| #define HAVE_STRUCT_SOCKADDR_IN6 1
| #define HAVE_STRUCT_IN6_ADDR 1
| #define HAVE_STRUCT_ADDRINFO 1
| #define HAVE_STRUCT_TIMEVAL 1
| #define HAVE_SS_FAMILY_IN_SS 1
| #define HAVE_PID_T 1
| #define HAVE___PROGNAME 1
| /* end confdefs.h.  */
| 
| int
| main ()
| {
|  extern int sys_nerr; printf("%i", sys_nerr);
|   ;
|   return 0;
| }
configure:6427: result: no
configure:6458: checking for nroff
configure:6492: result: no
configure:6458: checking for awf
configure:6492: result: no
configure:6741: creating ./config.status

## ---------------------- ##
## Running config.status. ##
## ---------------------- ##

This file was extended by Spines config.status 5.3, which was
generated by GNU Autoconf 2.69.  Invocation command line was

  CONFIG_FILES    = 
  CONFIG_HEADERS  = 
  CONFIG_LINKS    = 
  CONFIG_COMMANDS = 
  $ ./config.status 

on 51df8a170eb5

config.status:927: creating Makefile
config.status:927: creating Makefile.general
config.status:927: creating daemon/Makefile
config.status:927: creating libspines/Makefile
config.status:927: creating testprogs/Makefile
config.status:927: creating controlprogs/Makefile
config.status:927: creating daemon/config.h
configure:8013: === configuring in stdutil (/root/cs2910/prime/spines/stdutil)
configure:8076: running /bin/bash ./configure --disable-option-checking '--prefix=/usr/local'  --cache-file=/dev/null --srcdir=.
configure:8013: === configuring in libspread-util (/root/cs2910/prime/spines/libspread-util)
configure:8076: running /bin/bash ./configure --disable-option-checking '--prefix=/usr/local'  --cache-file=/dev/null --srcdir=.

## ---------------- ##
## Cache variables. ##
## ---------------- ##

ac_cv_arch_win=no
ac_cv_build=x86_64-pc-linux-gnu
ac_cv_c_bigendian=no
ac_cv_c_compiler_gnu=yes
ac_cv_c_inline=inline
ac_cv_env_CC_set=
ac_cv_env_CC_value=
ac_cv_env_CFLAGS_set=
ac_cv_env_CFLAGS_value=
ac_cv_env_CPPFLAGS_set=
ac_cv_env_CPPFLAGS_value=
ac_cv_env_CPP_set=
ac_cv_env_CPP_value=
ac_cv_env_LDFLAGS_set=
ac_cv_env_LDFLAGS_value=
ac_cv_env_LIBS_set=
ac_cv_env_LIBS_value=
ac_cv_env_YACC_set=
ac_cv_env_YACC_value=
ac_cv_env_YFLAGS_set=
ac_cv_env_YFLAGS_value=
ac_cv_env_build_alias_set=
ac_cv_env_build_alias_value=
ac_cv_env_host_alias_set=
ac_cv_env_host_alias_value=
ac_cv_env_target_alias_set=
ac_cv_env_target_alias_value=
ac_cv_func_bcopy=yes
ac_cv_func_gettimeofday=yes
ac_cv_func_inet_aton=yes
ac_cv_func_inet_ntoa=yes
ac_cv_func_inet_ntop=yes
ac_cv_func_lrand48=yes
ac_cv_func_memmove=yes
ac_cv_func_pthread_atfork=yes
ac_cv_func_setsid=yes
ac_cv_func_snprintf=yes
ac_cv_func_strerror=yes
ac_cv_func_strftime=yes
ac_cv_func_time=yes
ac_cv_have___ss_family_in_struct_ss=no
ac_cv_have_clock_t=yes
ac_cv_have_int64_t=yes
ac_cv_have_intxx_t=yes
ac_cv_have_pid_t=yes
ac_cv_have_sa_family_t=yes
ac_cv_have_sin_len_in_struct_sockaddr_in=no
ac_cv_have_size_t=yes
ac_cv_have_socklen_t=yes
ac_cv_have_sockopt_len_t=no
ac_cv_have_ss_family_in_struct_ss=yes
ac_cv_have_ssize_t=yes
ac_cv_have_struct_addrinfo=yes
ac_cv_have_struct_in6_addr=yes
ac_cv_have_struct_msghdr=yes
ac_cv_have_struct_msghdr_acc=no
ac_cv_have_struct_msghdr_ctl=yes
ac_cv_have_struct_sockaddr_in6=yes
ac_cv_have_struct_sockaddr_storage=yes
ac_cv_have_struct_timeval=yes
ac_cv_have_struct_timezone=yes
ac_cv_have_sun_len_in_struct_sockaddr_un=no
ac_cv_have_u_int64_t=yes
ac_cv_have_u_int=yes
ac_cv_have_u_intxx_t=yes
ac_cv_header_arpa_inet_h=yes
ac_cv_header_assert_h=yes
ac_cv_header_dlfcn_h=yes
ac_cv_header_errno_h=yes
ac_cv_header_features_h=yes
ac_cv_header_grp_h=yes
ac_cv_header_inttypes_h=yes
ac_cv_header_limits_h=yes
ac_cv_header_memory_h=yes
ac_cv_header_net_ethernet_h=yes
ac_cv_header_net_if_arp_h=yes
ac_cv_header_netdb_h=yes
ac_cv_header_netinet_in_h=yes
ac_cv_header_netinet_tcp_h=yes
ac_cv_header_netpacket_packet_h=yes
ac_cv_header_openssl_dh_h=yes
ac_cv_header_openssl_engine_h=yes
ac_cv_header_openssl_evp_h=yes
ac_cv_header_openssl_hmac_h=yes
ac_cv_header_openssl_pem_h=yes
ac_cv_header_openssl_sha_h=yes
ac_cv_header_process_h=no
ac_cv_header_pthread_h=yes
ac_cv_header_pwd_h=yes
ac_cv_header_signal_h=yes
ac_cv_header_stdarg_h=yes
ac_cv_header_stdc=yes
ac_cv_header_stdint_h=yes
ac_cv_header_stdio_h=yes
ac_cv_header_stdlib_h=yes
ac_cv_header_string_h=yes
ac_cv_header_strings_h=yes
ac_cv_header_sys_filio_h=no
ac_cv_header_sys_inttypes_h=no
ac_cv_header_sys_ioctl_h=yes
ac_cv_header_sys_param_h=yes
ac_cv_header_sys_socket_h=yes
ac_cv_header_sys_sockio_h=no
ac_cv_header_sys_stat_h=yes
ac_cv_header_sys_time_h=yes
ac_cv_header_sys_timeb_h=yes
ac_cv_header_sys_types_h=yes
ac_cv_header_sys_uio_h=yes
ac_cv_header_sys_un_h=yes
ac_cv_header_time_h=yes
ac_cv_header_unistd_h=yes
ac_cv_header_windows_h=no
ac_cv_header_winsock_h=no
ac_cv_host=x86_64-pc-linux-gnu
ac_cv_lib_crypto_PEM_read_PUBKEY=yes
ac_cv_lib_dl_dladdr=yes
ac_cv_lib_m_sqrt=yes
ac_cv_lib_nsl_gethostbyaddr=yes
ac_cv_lib_posix4_sem_wait=no
ac_cv_lib_pthread_pthread_create=yes
ac_cv_lib_rt_clock_gettime=yes
ac_cv_lib_socket_socket=no
ac_cv_lib_thread_thr_create=no
ac_cv_libc_defines___progname=yes
ac_cv_libc_defines_sys_errlist=no
ac_cv_libc_defines_sys_nerr=no
ac_cv_objext=o
ac_cv_path_AR=/usr/bin/ar
ac_cv_path_EGREP='/usr/bin/grep -E'
ac_cv_path_GREP=/usr/bin/grep
ac_cv_path_PERL=/usr/bin/perl
ac_cv_path_install='/usr/bin/install -c'
ac_cv_prog_CPP='gcc -E'
ac_cv_prog_ac_ct_CC=gcc
ac_cv_prog_ac_ct_RANLIB=ranlib
ac_cv_prog_cc_c89=
ac_cv_prog_cc_g=yes
ac_cv_sizeof_char=1
ac_cv_sizeof_int=4
ac_cv_sizeof_long_int=8
ac_cv_sizeof_long_long_int=8
ac_cv_sizeof_short_int=2

## ----------------- ##
## Output variables. ##
## ----------------- ##

AR='/usr/bin/ar'
CC='gcc'
CFLAGS='-g -O2 -Wall -march=native -D_REENTRANT -DNDEBUG -fPIC'
CPP='gcc -E'
CPPFLAGS=''
DEFS='-DHAVE_CONFIG_H'
ECHO_C=''
ECHO_N='-n'
ECHO_T=''
EGREP='/usr/bin/grep -E'
EXEEXT=''
GREP='/usr/bin/grep'
INSTALL_DATA='${INSTALL} -m 644'
INSTALL_PROGRAM='${INSTALL}'
INSTALL_SCRIPT='${INSTALL}'
LD='gcc'
LDFLAGS=''
LEX=''
LIBOBJS=''
LIBS='-ldl -lrt -lm -lnsl -lpthread -lcrypto '
LN_S='ln -s'
LTLIBOBJS=''
MANTYPE='cat'
NROFF='/bin/false'
OBJEXT='o'
PACKAGE_BUGREPORT=''
PACKAGE_NAME='Spines'
PACKAGE_STRING='Spines 5.3'
PACKAGE_TARNAME='spines'
PACKAGE_URL=''
PACKAGE_VERSION='5.3'
PATH_SEPARATOR=':'
PERL='/usr/bin/perl'
RANLIB='ranlib'
SHCC='gcc'
SHCFLAGS='-g -O2 -Wall -march=native -D_REENTRANT -DNDEBUG -fPIC'
SHCPPFLAGS=''
SHELL='/bin/bash'
SHLD='gcc -shared'
SHLDCONVERTSTATIC='-Wl,--whole-archive'
SHLDCONVERTSTATICEND='-Wl,--no-whole-archive'
SHLDFLAGS=' '
SHLIBS='-ldl -lrt -lm -lnsl -lpthread -lcrypto '
THLDFLAGS=''
WIRELESS_SUPPORT=''
YACC='yacc'
YFLAGS=''
ac_ct_CC='gcc'
bindir='${exec_prefix}/bin'
build='x86_64-pc-linux-gnu'
build_alias=''
build_cpu='x86_64'
build_os='linux-gnu'
build_vendor='pc'
datadir='${datarootdir}'
datarootdir='${prefix}/share'
docdir='${datadir}/doc/spread'
dvidir='${docdir}'
exec_prefix='${prefix}'
host='x86_64-pc-linux-gnu'
host_alias=''
host_cpu='x86_64'
host_os='linux-gnu'
host_vendor='pc'
htmldir='${docdir}'
includedir='${prefix}/include'
infodir='${datarootdir}/info'
libdir='${exec_prefix}/lib'
libexecdir='${exec_prefix}/libexec'
localedir='${datarootdir}/locale'
localstatedir='${prefix}/var'
mandir='${datarootdir}/man'
mansubdir='cat'
oldincludedir='/usr/include'
pdfdir='${docdir}'
piddir='/var/run'
prefix='/usr/local'
program_transform_name='s,x,x,'
psdir='${docdir}'
sbindir='${exec_prefix}/sbin'
sharedstatedir='${prefix}/com'
subdirs=' stdutil libspread-util'
sysconfdir='${prefix}/etc'
target_alias=''

## ----------- ##
## confdefs.h. ##
## ----------- ##

/* confdefs.h */
#define PACKAGE_NAME "Spines"
#define PACKAGE_TARNAME "spines"
#define PACKAGE_VERSION "5.3"
#define PACKAGE_STRING "Spines 5.3"
#define PACKAGE_BUGREPORT ""
#define PACKAGE_URL ""
#define STDC_HEADERS 1
#define HAVE_SYS_TYPES_H 1
#define HAVE_SYS_STAT_H 1
#define HAVE_STDLIB_H 1
#define HAVE_STRING_H 1
#define HAVE_MEMORY_H 1
#define HAVE_STRINGS_H 1
#define HAVE_INTTYPES_H 1
#define HAVE_STDINT_H 1
#define HAVE_UNISTD_H 1
#define HAVE_LIBCRYPTO 1
#define HAVE_LIBPTHREAD 1
#define HAVE_PTHREAD_ATFORK 1
#define HAVE_LIBNSL 1
#define HAVE_LIBM 1
#define HAVE_LIBRT 1
#define HAVE_LIBDL 1
#define HAVE_STRFTIME 1
#define HAVE_ARPA_INET_H 1
#define HAVE_ASSERT_H 1
#define HAVE_ERRNO_H 1
#define HAVE_GRP_H 1
#define HAVE_LIMITS_H 1
#define HAVE_NETDB_H 1
#define HAVE_NETINET_IN_H 1
#define HAVE_NETINET_TCP_H 1
#define HAVE_PTHREAD_H 1
#define HAVE_PWD_H 1
#define HAVE_SIGNAL_H 1
#define HAVE_STDARG_H 1
#define HAVE_STDINT_H 1
#define HAVE_STDIO_H 1
#define HAVE_STDLIB_H 1
#define HAVE_STRING_H 1
#define HAVE_SYS_IOCTL_H 1
#define HAVE_SYS_PARAM_H 1
#define HAVE_SYS_SOCKET_H 1
#define HAVE_SYS_STAT_H 1
#define HAVE_SYS_TIME_H 1
#define HAVE_SYS_TIMEB_H 1
#define HAVE_SYS_TYPES_H 1
#define HAVE_SYS_UIO_H 1
#define HAVE_SYS_UN_H 1
#define HAVE_TIME_H 1
#define HAVE_UNISTD_H 1
#define HAVE_FEATURES_H 1
#define HAVE_NETPACKET_PACKET_H 1
#define HAVE_NET_ETHERNET_H 1
#define HAVE_NET_IF_ARP_H 1
#define HAVE_DLFCN_H 1
#define HAVE_OPENSSL_DH_H 1
#define HAVE_OPENSSL_ENGINE_H 1
#define HAVE_OPENSSL_EVP_H 1
#define HAVE_OPENSSL_HMAC_H 1
#define HAVE_OPENSSL_PEM_H 1
#define HAVE_OPENSSL_SHA_H 1
#define HAVE_BCOPY 1
#define HAVE_INET_ATON 1
#define HAVE_INET_NTOA 1
#define HAVE_INET_NTOP 1
#define HAVE_MEMMOVE 1
#define HAVE_SETSID 1
#define HAVE_SNPRINTF 1
#define HAVE_STRERROR 1
#define HAVE_LRAND48 1
#define HAVE_GETTIMEOFDAY 1
#define HAVE_TIME 1
#define SIZEOF_CHAR 1
#define SIZEOF_SHORT_INT 2
#define SIZEOF_INT 4
#define SIZEOF_LONG_INT 8
#define SIZEOF_LONG_LONG_INT 8
#define HAVE_STRUCT_TIMEZONE 1
#define ARCH_SCATTER_CONTROL 1
#define HAVE_U_INT 1
#define HAVE_INTXX_T 1
#define HAVE_INT64_T 1
#define HAVE_U_INTXX_T 1
#define HAVE_U_INT64_T 1
#define HAVE_SOCKLEN_T 1
#define HAVE_SIZE_T 1
#define HAVE_SSIZE_T 1
#define HAVE_CLOCK_T 1
#define HAVE_SA_FAMILY_T 1
#define HAVE_STRUCT_SOCKADDR_STORAGE 1
#define HAVE_STRUCT_SOCKADDR_IN6 1
#define HAVE_STRUCT_IN6_ADDR 1
#define HAVE_STRUCT_ADDRINFO 1
#define HAVE_STRUCT_TIMEVAL 1
#define HAVE_SS_FAMILY_IN_SS 1
#define HAVE_PID_T 1
#define HAVE___PROGNAME 1
#define _PATH_SPREAD_PIDDIR "/var/run"
#define SPREAD_ETCDIR "/usr/local/etc"

configure: exit 0
